Transaction_ID,Date,Month,Service,Customer_Type,Country,Country_Code,Currency,Channel,Foreign_Amount,FX_Rate,FX_Quote,FX_Quote_Unit,FX_Rate_Date,KRW_Amount,USD_Equivalent,Fee,FX_Revenue,Finance_Revenue,Total_Revenue,Revenue_Rate,Tenor_Days,Source_System,Source_Format,Source_File,Source_Ref
FX-260107-001,2026-01-07,2026-01,Corporate FX,Corporate,Brazil,BR,USD,Corporate Banking,125000,1453.1,1453.1,1,2026-01-07,181637500,125000,0,454094,0,454094,0.25,,CORP,CSV,raw_slips/corporate/CB_001.csv,CMS/26/100037
FX-260108-002,2026-01-08,2026-01,Trade Finance,Corporate,United States,US,USD,Corporate Banking,465000,1455.69,1455.69,1,2026-01-08,676895850,465000,1015344,0,5007175,6022519,0.8897,180,CORP,CSV,raw_slips/corporate/CB_002.csv,CMS/26/100074
FX-260115-003,2026-01-15,2026-01,Retail FX,Individual,Japan,JP,JPY,Mobile,43000,9.3062,930.62,100,2026-01-15,400167,274.18,0,1401,0,1401,0.3501,,DIGITAL,JSON,raw_slips/digital/DG_001.json,APP2601151021
FX-260121-004,2026-01-21,2026-01,Corporate FX,Corporate,Japan,JP,JPY,Corporate Banking,66000000,9.2599,925.99,100,2026-01-21,611153400,418974.15,0,1527884,0,1527884,0.25,,CORP,CSV,raw_slips/corporate/CB_003.csv,CMS/26/100148
FX-260122-005,2026-01-22,2026-01,Retail FX,Individual,United States,US,USD,Branch,1480,1457.75,1457.75,1,2026-01-22,2157470,1480,0,26429,0,26429,1.225,,BRANCH,TXT,raw_slips/branch/BR_001.txt,강남-0122-05
FX-260127-006,2026-01-27,2026-01,Trade Finance,Corporate,Brazil,BR,USD,Corporate Banking,302000,1464.8,1464.8,1,2026-01-27,442369600,302000,663554,0,2181549,2845103,0.6432,120,CORP,CSV,raw_slips/corporate/CB_004.csv,CMS/26/100222
FX-260128-007,2026-01-28,2026-01,Overseas Remittance,Individual,France,FR,EUR,Internet Banking,1150,1675.15,1675.15,1,2026-01-28,1926423,1315.22,10000,5779,0,15779,0.8191,,DIGITAL,JSON,raw_slips/digital/DG_002.json,WEB2601281049
FX-260129-008,2026-01-29,2026-01,Corporate FX,Corporate,China,CN,USD,Corporate Banking,77000,1460.03,1460.03,1,2026-01-29,112422310,77000,0,281056,0,281056,0.25,,CORP,CSV,raw_slips/corporate/CB_005.csv,CMS/26/100296
FX-260202-009,2026-02-02,2026-02,Trade Finance,Corporate,Japan,JP,JPY,Corporate Banking,40800000,9.2758,927.58,100,2026-02-02,378452640,258177.89,567679,0,2799513,3367192,0.8897,180,CORP,CSV,raw_slips/corporate/CB_006.csv,CMS/26/100333
FX-260203-010,2026-02-03,2026-02,Corporate FX,Corporate,China,CN,USD,Corporate Banking,210000,1464.56,1464.56,1,2026-02-03,307557600,210000,0,768894,0,768894,0.25,,CORP,CSV,raw_slips/corporate/CB_007.csv,CMS/26/100370
FX-260204-011,2026-02-04,2026-02,Corporate FX,Corporate,United States,US,USD,Corporate Banking,60000,1458.21,1458.21,1,2026-02-04,87492600,60000,0,218732,0,218732,0.25,,CORP,CSV,raw_slips/corporate/CB_008.csv,CMS/26/100407
FX-260204-012,2026-02-04,2026-02,Overseas Remittance,Individual,United States,US,USD,Internet Banking,3250,1458.21,1458.21,1,2026-02-04,4739183,3250,12500,14218,0,26718,0.5638,,DIGITAL,JSON,raw_slips/digital/DG_003.json,WEB2602041084
FX-260205-013,2026-02-05,2026-02,Trade Finance,Corporate,United States,US,USD,Corporate Banking,284000,1460.49,1460.49,1,2026-02-05,414779160,284000,622169,0,2045486,2667655,0.6432,120,CORP,CSV,raw_slips/corporate/CB_009.csv,CMS/26/100481
FX-260207-014,2026-02-07,2026-02,Retail FX,Foreigner,Japan,JP,JPY,Mobile,259000,9.311,931.1,100,2026-02-06,2411549,1646.76,0,8440,0,8440,0.35,,DIGITAL,JSON,raw_slips/digital/DG_004.json,APP2602071098
FX-260209-015,2026-02-09,2026-02,Trade Finance,Corporate,China,CN,CNY,Branch,9614000,203.57,203.57,1,2026-02-09,1957121980,1342186.03,2935683,0,9651560,12587243,0.6432,120,BRANCH,TXT,raw_slips/branch/BR_002.txt,부산-0209-15
FX-260215-016,2026-02-15,2026-02,Overseas Remittance,Foreigner,United States,US,USD,Internet Banking,2050,1453.27,1453.27,1,2026-02-13,2979204,2050,12500,8938,0,21438,0.7196,,DIGITAL,JSON,raw_slips/digital/DG_005.json,WEB2602151112
FX-260220-017,2026-02-20,2026-02,Overseas Remittance,Foreigner,Vietnam,VN,VND,Branch,16600000,0.0551,5.51,100,2026-02-20,914660,632.66,18000,6403,0,24403,2.668,,BRANCH,TXT,raw_slips/branch/BR_003.txt,부산-0220-17
FX-260302-018,2026-03-02,2026-03,Corporate FX,Corporate,Brazil,BR,USD,Corporate Banking,129000,1437.92,1437.92,1,2026-03-02,185491680,129000,0,463729,0,463729,0.25,,CORP,CSV,raw_slips/corporate/CB_010.csv,CMS/26/100666
FX-260303-019,2026-03-03,2026-03,Corporate FX,Corporate,United States,US,USD,Branch,93000,1432.33,1432.33,1,2026-03-03,133206690,93000,0,532827,0,532827,0.4,,BRANCH,TXT,raw_slips/branch/BR_004.txt,안산-0303-19
FX-260303-020,2026-03-03,2026-03,Overseas Remittance,Foreigner,United States,US,USD,Internet Banking,2000,1432.33,1432.33,1,2026-03-03,2864660,2000,10000,8594,0,18594,0.6491,,DIGITAL,JSON,raw_slips/digital/DG_006.json,WEB2603031140
FX-260305-021,2026-03-05,2026-03,Retail FX,Individual,United States,US,USD,Branch,1880,1438.77,1438.77,1,2026-03-05,2704888,1880,0,33135,0,33135,1.225,,BRANCH,TXT,raw_slips/branch/BR_005.txt,안산-0305-21
FX-260310-022,2026-03-10,2026-03,Overseas Remittance,Individual,China,CN,CNY,Mobile,46350,205.28,205.28,1,2026-03-10,9514728,6638.66,15000,9515,0,24515,0.2577,,DIGITAL,JSON,raw_slips/digital/DG_007.json,APP2603101154
FX-260312-023,2026-03-12,2026-03,Overseas Remittance,Individual,United States,US,USD,Internet Banking,6750,1435.01,1435.01,1,2026-03-12,9686318,6750,15000,29059,0,44059,0.4549,,DIGITAL,JSON,raw_slips/digital/DG_008.json,WEB2603121161
FX-260316-024,2026-03-16,2026-03,Overseas Remittance,Individual,United States,US,USD,Branch,1400,1427.45,1427.45,1,2026-03-16,1998430,1400,18000,13989,0,31989,1.6007,,BRANCH,TXT,raw_slips/branch/BR_006.txt,구로-0316-24
FX-260316-025,2026-03-16,2026-03,Trade Finance,Corporate,China,CN,USD,Corporate Banking,207000,1427.45,1427.45,1,2026-03-16,295482150,207000,443223,0,1092879,1536102,0.5199,90,CORP,CSV,raw_slips/corporate/CB_011.csv,CMS/26/100925
FX-260322-026,2026-03-22,2026-03,Retail FX,Individual,Singapore,SG,SGD,Mobile,1560,1099.18,1099.18,1,2026-03-20,1714721,1198.34,0,13718,0,13718,0.8,,DIGITAL,JSON,raw_slips/digital/DG_009.json,APP2603221182
FX-260323-027,2026-03-23,2026-03,Trade Finance,Corporate,UAE,AE,USD,Corporate Banking,342000,1433.25,1433.25,1,2026-03-23,490171500,342000,735257,0,1812963,2548220,0.5199,90,CORP,CSV,raw_slips/corporate/CB_012.csv,CMS/26/100999
FX-260401-028,2026-04-01,2026-04,Retail FX,Individual,UAE,AE,AED,Mobile,5770,392.04,392.04,1,2026-04-01,2262071,1571.12,0,27145,0,27145,1.2,,DIGITAL,JSON,raw_slips/digital/DG_010.json,APP2604011196
FX-260405-029,2026-04-05,2026-04,Overseas Remittance,Individual,Brazil,BR,USD,Mobile,450,1434.21,1434.21,1,2026-04-03,645395,450,7500,645,0,8145,1.262,,DIGITAL,JSON,raw_slips/digital/DG_011.json,APP2604051203
FX-260414-030,2026-04-14,2026-04,Retail FX,Individual,United States,US,USD,Branch,2740,1443.17,1443.17,1,2026-04-14,3954286,2740,0,48440,0,48440,1.225,,BRANCH,TXT,raw_slips/branch/BR_007.txt,여의-0414-31
FX-260414-031,2026-04-14,2026-04,Trade Finance,Corporate,UAE,AE,USD,Corporate Banking,176000,1443.17,1443.17,1,2026-04-14,253997920,176000,380997,0,1878889,2259886,0.8897,180,CORP,CSV,raw_slips/corporate/CB_013.csv,CMS/26/101184
FX-260414-032,2026-04-14,2026-04,Overseas Remittance,Foreigner,Brazil,BR,USD,Mobile,5850,1443.17,1443.17,1,2026-04-14,8442545,5850,15000,8443,0,23443,0.2777,,DIGITAL,JSON,raw_slips/digital/DG_012.json,APP2604141210
FX-260417-033,2026-04-17,2026-04,Retail FX,Individual,United States,US,USD,Mobile,850,1443.52,1443.52,1,2026-04-17,1226992,850,0,4294,0,4294,0.35,,DIGITAL,JSON,raw_slips/digital/DG_013.json,APP2604171231
FX-260418-034,2026-04-18,2026-04,Overseas Remittance,Foreigner,Vietnam,VN,VND,Internet Banking,9500000,0.055,5.5,100,2026-04-17,522500,361.96,7500,1568,0,9068,1.7355,,DIGITAL,JSON,raw_slips/digital/DG_014.json,WEB2604181238
FX-260423-035,2026-04-23,2026-04,Overseas Remittance,Foreigner,United States,US,USD,Branch,1350,1445.95,1445.95,1,2026-04-23,1952033,1350,18000,13664,0,31664,1.6221,,BRANCH,TXT,raw_slips/branch/BR_008.txt,여의-0423-35
FX-260424-036,2026-04-24,2026-04,Corporate FX,Corporate,China,CN,USD,Corporate Banking,352000,1451.62,1451.62,1,2026-04-24,510970240,352000,0,1277426,0,1277426,0.25,,CORP,CSV,raw_slips/corporate/CB_014.csv,CMS/26/101332
FX-260427-037,2026-04-27,2026-04,Corporate FX,Corporate,China,CN,CNY,Corporate Banking,432000,205.56,205.56,1,2026-04-27,88801920,61042.74,0,222005,0,222005,0.25,,CORP,CSV,raw_slips/corporate/CB_015.csv,CMS/26/101369
FX-260505-038,2026-05-05,2026-05,Retail FX,Foreigner,Japan,JP,JPY,Internet Banking,301000,9.2193,921.93,100,2026-05-05,2775009,1922.32,0,24281,0,24281,0.875,,DIGITAL,JSON,raw_slips/digital/DG_015.json,WEB2605051266
FX-260511-039,2026-05-11,2026-05,Corporate FX,Corporate,Singapore,SG,SGD,Corporate Banking,76000,1101.9,1101.9,1,2026-05-11,83744400,57791.03,0,209361,0,209361,0.25,,CORP,CSV,raw_slips/corporate/CB_016.csv,CMS/26/101443
FX-260512-040,2026-05-12,2026-05,Trade Finance,Corporate,Japan,JP,JPY,Branch,204200000,9.2837,928.37,100,2026-05-12,1895731540,1303634.01,2843597,0,9348813,12192410,0.6432,120,BRANCH,TXT,raw_slips/branch/BR_009.txt,구로-0512-41
FX-260512-041,2026-05-12,2026-05,Overseas Remittance,Individual,China,CN,CNY,Mobile,4700,204.26,204.26,1,2026-05-12,960022,660.18,10000,960,0,10960,1.1416,,DIGITAL,JSON,raw_slips/digital/DG_016.json,APP2605121280
FX-260519-042,2026-05-19,2026-05,Overseas Remittance,Corporate,Japan,JP,JPY,Corporate Banking,3107000,9.2338,923.38,100,2026-05-19,28689417,19689.26,15000,143447,0,158447,0.5523,,CORP,CSV,raw_slips/corporate/CB_017.csv,CMS/26/101554
FX-260520-043,2026-05-20,2026-05,Overseas Remittance,Individual,Singapore,SG,USD,Branch,300,1454.82,1454.82,1,2026-05-20,436446,300,13000,3055,0,16055,3.6786,,BRANCH,TXT,raw_slips/branch/BR_010.txt,강남-0520-43
FX-260522-044,2026-05-22,2026-05,Trade Finance,Corporate,Vietnam,VN,USD,Corporate Banking,1219000,1452.81,1452.81,1,2026-05-22,1770975390,1219000,2656463,0,6550183,9206646,0.5199,90,CORP,CSV,raw_slips/corporate/CB_018.csv,CMS/26/101628
FX-260526-045,2026-05-26,2026-05,Overseas Remittance,Corporate,Singapore,SG,SGD,Branch,16950,1090.13,1090.13,1,2026-05-26,18477704,12666.81,28000,129344,0,157344,0.8515,,BRANCH,TXT,raw_slips/branch/BR_011.txt,안산-0526-45
FX-260526-046,2026-05-26,2026-05,Retail FX,Foreigner,United States,US,USD,Mobile,310,1458.75,1458.75,1,2026-05-26,452213,310,0,1583,0,1583,0.3501,,DIGITAL,JSON,raw_slips/digital/DG_017.json,APP2605261322
FX-260527-047,2026-05-27,2026-05,Overseas Remittance,Individual,UAE,AE,AED,Branch,6300,397.88,397.88,1,2026-05-27,2506644,1715.45,18000,17547,0,35547,1.4181,,BRANCH,TXT,raw_slips/branch/BR_012.txt,여의-0527-48
FX-260527-048,2026-05-27,2026-05,Corporate FX,Corporate,Singapore,SG,SGD,Corporate Banking,539000,1091.75,1091.75,1,2026-05-27,588453250,402713.66,0,1471133,0,1471133,0.25,,CORP,CSV,raw_slips/corporate/CB_019.csv,CMS/26/101739
FX-260601-049,2026-06-01,2026-06,Overseas Remittance,Individual,UAE,AE,AED,Mobile,3300,399.02,399.02,1,2026-06-01,1316766,898.56,10000,1317,0,11317,0.8595,,DIGITAL,JSON,raw_slips/digital/DG_018.json,APP2606011343
FX-260603-050,2026-06-03,2026-06,Overseas Remittance,Corporate,United States,US,USD,Corporate Banking,9150,1457.18,1457.18,1,2026-06-03,13333197,9150,15000,66666,0,81666,0.6125,,CORP,CSV,raw_slips/corporate/CB_020.csv,CMS/26/101850
FX-260605-051,2026-06-05,2026-06,Overseas Remittance,Individual,China,CN,CNY,Mobile,26100,202.12,202.12,1,2026-06-05,5275332,3595.39,12500,5275,0,17775,0.3369,,DIGITAL,JSON,raw_slips/digital/DG_019.json,APP2606051357
FX-260608-052,2026-06-08,2026-06,Corporate FX,Corporate,United States,US,USD,Branch,182000,1463.09,1463.09,1,2026-06-08,266282380,182000,0,1065130,0,1065130,0.4,,BRANCH,TXT,raw_slips/branch/BR_013.txt,구로-0608-52
FX-260608-053,2026-06-08,2026-06,Trade Finance,Corporate,Vietnam,VN,USD,Corporate Banking,466000,1463.09,1463.09,1,2026-06-08,681799940,466000,1022700,0,840575,1863275,0.2733,30,CORP,CSV,raw_slips/corporate/CB_021.csv,CMS/26/101961
FX-260611-054,2026-06-11,2026-06,Trade Finance,Corporate,Vietnam,VN,USD,Corporate Banking,1404000,1467.69,1467.69,1,2026-06-11,2060636760,1404000,3090955,0,7621533,10712488,0.5199,90,CORP,CSV,raw_slips/corporate/CB_022.csv,CMS/26/101998
FX-260613-055,2026-06-13,2026-06,Retail FX,Individual,France,FR,EUR,Mobile,200,1655.01,1655.01,1,2026-06-12,331002,225.91,0,1317,0,1317,0.3979,,DIGITAL,JSON,raw_slips/digital/DG_020.json,APP2606131385
FX-260617-056,2026-06-17,2026-06,Retail FX,Foreigner,Japan,JP,JPY,Branch,69000,9.2675,926.75,100,2026-06-17,639458,437.43,0,7833,0,7833,1.2249,,BRANCH,TXT,raw_slips/branch/BR_014.txt,구로-0617-56
FX-260619-057,2026-06-19,2026-06,Corporate FX,Corporate,United States,US,USD,Corporate Banking,698000,1461.7,1461.7,1,2026-06-19,1020266600,698000,0,2550667,0,2550667,0.25,,CORP,CSV,raw_slips/corporate/CB_023.csv,CMS/26/102109
FX-260622-058,2026-06-22,2026-06,Trade Finance,Corporate,China,CN,CNY,Corporate Banking,17359000,198.16,198.16,1,2026-06-22,3439859440,2355826.07,5159789,0,12722768,17882557,0.5199,90,CORP,CSV,raw_slips/corporate/CB_024.csv,CMS/26/102146
FX-260626-059,2026-06-26,2026-06,Corporate FX,Corporate,Vietnam,VN,USD,Corporate Banking,409000,1460.73,1460.73,1,2026-06-26,597438570,409000,0,1493596,0,1493596,0.25,,CORP,CSV,raw_slips/corporate/CB_025.csv,CMS/26/102183
FX-260701-060,2026-07-01,2026-07,Corporate FX,Corporate,China,CN,CNY,Corporate Banking,2890000,197.22,197.22,1,2026-07-01,569965800,389323.56,0,1424915,0,1424915,0.25,,CORP,CSV,raw_slips/corporate/CB_026.csv,CMS/26/102220
FX-260701-061,2026-07-01,2026-07,Trade Finance,Corporate,Japan,JP,JPY,Corporate Banking,280900000,9.3465,934.65,100,2026-07-01,2625431850,1793340.02,3938148,0,9710501,13648649,0.5199,90,CORP,CSV,raw_slips/corporate/CB_027.csv,CMS/26/102257
FX-260701-062,2026-07-01,2026-07,Trade Finance,Corporate,United States,US,USD,Corporate Banking,532000,1463.99,1463.99,1,2026-07-01,778842680,532000,1168264,0,960217,2128481,0.2733,30,CORP,CSV,raw_slips/corporate/CB_028.csv,CMS/26/102294
FX-260703-063,2026-07-03,2026-07,Corporate FX,Corporate,Japan,JP,USD,Branch,306000,1470.35,1470.35,1,2026-07-03,449927100,306000,0,1799708,0,1799708,0.4,,BRANCH,TXT,raw_slips/branch/BR_015.txt,명동-0703-63
FX-260704-064,2026-07-04,2026-07,Overseas Remittance,Foreigner,Japan,JP,JPY,Mobile,63000,9.3842,938.42,100,2026-07-03,591205,402.08,7500,591,0,8091,1.3686,,DIGITAL,JSON,raw_slips/digital/DG_021.json,APP2607041448
FX-260707-065,2026-07-07,2026-07,Overseas Remittance,Corporate,Japan,JP,JPY,Corporate Banking,8885000,9.4175,941.75,100,2026-07-07,83674488,57091.53,17500,418372,0,435872,0.5209,,CORP,CSV,raw_slips/corporate/CB_029.csv,CMS/26/102405
FX-260710-066,2026-07-10,2026-07,Trade Finance,Corporate,Brazil,BR,USD,Corporate Banking,1353000,1464.91,1464.91,1,2026-07-10,1982023230,1353000,2973035,0,7330771,10303806,0.5199,90,CORP,CSV,raw_slips/corporate/CB_030.csv,CMS/26/102442
FX-260712-067,2026-07-12,2026-07,Retail FX,Individual,Vietnam,VN,VND,Internet Banking,17400000,0.0548,5.48,100,2026-07-10,953520,650.91,0,42908,0,42908,4.5,,DIGITAL,JSON,raw_slips/digital/DG_022.json,WEB2607121469
FX-260721-068,2026-07-21,2026-07,Overseas Remittance,Foreigner,Japan,JP,JPY,Mobile,83000,9.5543,955.43,100,2026-07-21,793007,543.59,10000,793,0,10793,1.361,,DIGITAL,JSON,raw_slips/digital/DG_023.json,APP2607211476
FX-260722-069,2026-07-22,2026-07,Trade Finance,Corporate,Japan,JP,JPY,Branch,219100000,9.5228,952.28,100,2026-07-22,2086445480,1432762.1,3129668,0,5144660,8274328,0.3966,60,BRANCH,TXT,raw_slips/branch/BR_016.txt,강남-0722-69
FX-260723-070,2026-07-23,2026-07,Retail FX,Individual,Japan,JP,JPY,Branch,35000,9.5527,955.27,100,2026-07-23,334345,229.99,0,4096,0,4096,1.2251,,BRANCH,TXT,raw_slips/branch/BR_017.txt,안산-0723-70
FX-260728-071,2026-07-28,2026-07,Overseas Remittance,Foreigner,Japan,JP,JPY,Mobile,88000,9.5828,958.28,100,2026-07-28,843286,579.48,10000,843,0,10843,1.2858,,DIGITAL,JSON,raw_slips/digital/DG_024.json,APP2607281497
FX-260729-072,2026-07-29,2026-07,Corporate FX,Corporate,United States,US,USD,Corporate Banking,568000,1451.93,1451.93,1,2026-07-29,824696240,568000,0,2061741,0,2061741,0.25,,CORP,CSV,raw_slips/corporate/CB_031.csv,CMS/26/102664
FX-260730-073,2026-07-30,2026-07,Retail FX,Individual,Japan,JP,JPY,Branch,256000,9.5434,954.34,100,2026-07-30,2443110,1688.13,0,29928,0,29928,1.225,,BRANCH,TXT,raw_slips/branch/BR_018.txt,명동-0730-73
FX-260805-074,2026-08-05,2026-08,Trade Finance,Corporate,UAE,AE,USD,Corporate Banking,230000,1445.82,1445.82,1,2026-08-05,332538600,230000,498808,0,409979,908787,0.2733,30,CORP,CSV,raw_slips/corporate/CB_032.csv,CMS/26/102775
FX-260805-075,2026-08-05,2026-08,Retail FX,Individual,France,FR,EUR,Internet Banking,2730,1700.1,1700.1,1,2026-08-05,4641273,3210.13,0,46181,0,46181,0.995,,DIGITAL,JSON,raw_slips/digital/DG_025.json,WEB2608051518
FX-260807-076,2026-08-07,2026-08,Corporate FX,Corporate,United States,US,USD,Corporate Banking,828000,1449.65,1449.65,1,2026-08-07,1200310200,828000,0,3000776,0,3000776,0.25,,CORP,CSV,raw_slips/corporate/CB_033.csv,CMS/26/102812
FX-260807-077,2026-08-07,2026-08,Retail FX,Individual,Japan,JP,JPY,Internet Banking,153000,9.511,951.1,100,2026-08-07,1455183,1003.82,0,12733,0,12733,0.875,,DIGITAL,JSON,raw_slips/digital/DG_026.json,WEB2608071539
FX-260810-078,2026-08-10,2026-08,Overseas Remittance,Corporate,Singapore,SG,USD,Corporate Banking,34050,1455.18,1455.18,1,2026-08-10,49548879,34050,17500,247744,0,265244,0.5353,,CORP,CSV,raw_slips/corporate/CB_034.csv,CMS/26/102886
FX-260811-079,2026-08-11,2026-08,Retail FX,Individual,Japan,JP,JPY,Mobile,38000,9.5778,957.78,100,2026-08-11,363956,249.52,0,1274,0,1274,0.35,,DIGITAL,JSON,raw_slips/digital/DG_027.json,APP2608111553
FX-260814-080,2026-08-14,2026-08,Trade Finance,Corporate,China,CN,USD,Corporate Banking,1353000,1471,1471,1,2026-08-14,1990263000,1353000,2985395,0,14722493,17707888,0.8897,180,CORP,CSV,raw_slips/corporate/CB_035.csv,CMS/26/102960
FX-260815-081,2026-08-15,2026-08,Overseas Remittance,Foreigner,Japan,JP,JPY,Mobile,175000,9.5162,951.62,100,2026-08-14,1665335,1132.11,10000,1665,0,11665,0.7005,,DIGITAL,JSON,raw_slips/digital/DG_028.json,APP2608151567
FX-260818-082,2026-08-18,2026-08,Corporate FX,Corporate,Brazil,BR,USD,Branch,125000,1471.94,1471.94,1,2026-08-18,183992500,125000,0,735970,0,735970,0.4,,BRANCH,TXT,raw_slips/branch/BR_019.txt,안산-0818-82
FX-260821-083,2026-08-21,2026-08,Overseas Remittance,Individual,Japan,JP,JPY,Internet Banking,102000,9.5461,954.61,100,2026-08-21,973702,663.67,10000,2921,0,12921,1.327,,DIGITAL,JSON,raw_slips/digital/DG_029.json,WEB2608211581
FX-260822-084,2026-08-22,2026-08,Overseas Remittance,Individual,Japan,JP,JPY,Internet Banking,778000,9.5461,954.61,100,2026-08-21,7426866,5062.1,15000,22281,0,37281,0.502,,DIGITAL,JSON,raw_slips/digital/DG_030.json,WEB2608221588
FX-260823-085,2026-08-23,2026-08,Overseas Remittance,Foreigner,Japan,JP,JPY,Mobile,428000,9.5461,954.61,100,2026-08-21,4085731,2784.81,12500,4086,0,16586,0.4059,,DIGITAL,JSON,raw_slips/digital/DG_031.json,APP2608231595
FX-260823-086,2026-08-23,2026-08,Retail FX,Individual,Japan,JP,JPY,Mobile,58000,9.5461,954.61,100,2026-08-21,553674,377.38,0,1938,0,1938,0.35,,DIGITAL,JSON,raw_slips/digital/DG_032.json,APP2608231602
FX-260825-087,2026-08-25,2026-08,Retail FX,Individual,United States,US,USD,Branch,410,1462.89,1462.89,1,2026-08-25,599785,410,0,7347,0,7347,1.2249,,BRANCH,TXT,raw_slips/branch/BR_020.txt,여의-0825-87
FX-260831-088,2026-08-31,2026-08,Overseas Remittance,Foreigner,Japan,JP,JPY,Mobile,590000,9.4881,948.81,100,2026-08-31,5597979,3816.38,12500,5598,0,18098,0.3233,,DIGITAL,JSON,raw_slips/digital/DG_033.json,APP2608311616
FX-260901-089,2026-09-01,2026-09,Trade Finance,Corporate,United States,US,USD,Corporate Banking,685000,1464.51,1464.51,1,2026-09-01,1003189350,685000,1504784,0,1236809,2741593,0.2733,30,CORP,CSV,raw_slips/corporate/CB_036.csv,CMS/26/103293
FX-260902-090,2026-09-02,2026-09,Corporate FX,Corporate,UAE,AE,AED,Branch,1682000,397.04,397.04,1,2026-09-02,667821280,457995.31,0,2671285,0,2671285,0.4,,BRANCH,TXT,raw_slips/branch/BR_021.txt,명동-0902-90
FX-260903-091,2026-09-03,2026-09,Corporate FX,Corporate,Vietnam,VN,USD,Corporate Banking,689000,1460.03,1460.03,1,2026-09-03,1005960670,689000,0,2514902,0,2514902,0.25,,CORP,CSV,raw_slips/corporate/CB_037.csv,CMS/26/103367
FX-260908-092,2026-09-08,2026-09,Retail FX,Individual,UAE,AE,AED,Mobile,4840,395.61,395.61,1,2026-09-08,1914752,1317.9,0,22977,0,22977,1.2,,DIGITAL,JSON,raw_slips/digital/DG_034.json,APP2609081644
FX-260909-093,2026-09-09,2026-09,Corporate FX,Corporate,UAE,AE,USD,Corporate Banking,130000,1450.53,1450.53,1,2026-09-09,188568900,130000,0,471422,0,471422,0.25,,CORP,CSV,raw_slips/corporate/CB_038.csv,CMS/26/103441
FX-260909-094,2026-09-09,2026-09,Retail FX,Individual,United States,US,USD,Mobile,230,1450.53,1450.53,1,2026-09-09,333622,230,0,1168,0,1168,0.3501,,DIGITAL,JSON,raw_slips/digital/DG_035.json,APP2609091658
FX-260911-095,2026-09-11,2026-09,Corporate FX,Corporate,Vietnam,VN,USD,Corporate Banking,170000,1449.6,1449.6,1,2026-09-11,246432000,170000,0,616080,0,616080,0.25,,CORP,CSV,raw_slips/corporate/CB_039.csv,CMS/26/103515
FX-260918-096,2026-09-18,2026-09,Corporate FX,Corporate,United States,US,USD,Corporate Banking,766000,1436.33,1436.33,1,2026-09-18,1100228780,766000,0,2750572,0,2750572,0.25,,CORP,CSV,raw_slips/corporate/CB_040.csv,CMS/26/103552
FX-260919-097,2026-09-19,2026-09,Retail FX,Individual,United States,US,USD,Mobile,450,1436.33,1436.33,1,2026-09-18,646349,450,0,2262,0,2262,0.35,,DIGITAL,JSON,raw_slips/digital/DG_036.json,APP2609191679
FX-260923-098,2026-09-23,2026-09,Corporate FX,Corporate,United States,US,USD,Branch,782000,1422.87,1422.87,1,2026-09-23,1112684340,782000,0,4450737,0,4450737,0.4,,BRANCH,TXT,raw_slips/branch/BR_022.txt,구로-0923-98
FX-260925-099,2026-09-25,2026-09,Retail FX,Individual,Japan,JP,JPY,Mobile,291000,9.681,968.1,100,2026-09-25,2817171,1979.98,0,9860,0,9860,0.35,,DIGITAL,JSON,raw_slips/digital/DG_037.json,APP2609251693
FX-260929-100,2026-09-29,2026-09,Retail FX,Foreigner,Japan,JP,JPY,Mobile,64000,9.6764,967.64,100,2026-09-29,619290,438.03,0,2168,0,2168,0.3501,,DIGITAL,JSON,raw_slips/digital/DG_038.json,APP2609291700
