"line_id","receipt_id","line_no","product_id","product_name","category","quantity","unit_price","gross_amount","discount","line_amount"
"R001-L01","R001","1","P001","아이스 아메리카노","커피","1","4500","4500","0","4500"
"R001-L02","R001","2","P002","따뜻한 아메리카노","커피","2","4500","9000","0","9000"
"R002-L01","R002","1","P003","카페라떼","커피","1","5000","5000","0","5000"
"R002-L02","R002","2","P004","바닐라라떼","커피","1","5500","5500","0","5500"
"R002-L03","R002","3","P005","카푸치노","커피","2","5000","10000","0","10000"
"R003-L01","R003","1","P006","콜드브루","커피","1","5500","5500","0","5500"
"R003-L02","R003","2","P007","레몬에이드","음료","1","6000","6000","300","5700"
"R004-L01","R004","1","P008","자몽에이드","음료","1","6000","6000","0","6000"
"R004-L02","R004","2","P009","말차라떼","음료","2","5800","11600","0","11600"
"R004-L03","R004","3","P010","초콜릿라떼","음료","1","5500","5500","1000","4500"
"R004-L04","R004","4","P011","얼그레이티","차","1","4500","4500","0","4500"
"R005-L01","R005","1","P012","캐모마일티","차","2","4500","9000","0","9000"
"R006-L01","R006","1","P013","크루아상","베이커리","1","4000","4000","300","3700"
"R007-L01","R007","1","P014","소금빵","베이커리","1","3500","3500","0","3500"
"R007-L02","R007","2","P015","블루베리머핀","베이커리","1","4200","4200","0","4200"
"R007-L03","R007","3","P016","치즈케이크","디저트","1","6500","6500","0","6500"
"R008-L01","R008","1","P017","초콜릿브라우니","디저트","1","4800","4800","0","4800"
"R008-L02","R008","2","P018","마카롱","디저트","1","2800","2800","0","2800"
"R009-L01","R009","1","P019","햄치즈샌드위치","식사","1","7500","7500","0","7500"
"R010-L01","R010","1","P020","치킨샌드위치","식사","1","8000","8000","0","8000"
"R010-L02","R010","2","P004","바닐라라떼","커피","1","5500","5500","0","5500"
"R011-L01","R011","1","P003","카페라떼","커피","1","5000","5000","0","5000"
"R011-L02","R011","2","P013","크루아상","베이커리","1","4000","4000","0","4000"
"R012-L01","R012","1","P004","바닐라라떼","커피","1","5500","5500","0","5500"
"R012-L02","R012","2","P014","소금빵","베이커리","1","3500","3500","0","3500"
"R013-L01","R013","1","P002","따뜻한 아메리카노","커피","1","4500","4500","0","4500"
"R013-L02","R013","2","P001","아이스 아메리카노","커피","1","4500","4500","0","4500"
"R013-L03","R013","3","P007","레몬에이드","음료","1","6000","6000","0","6000"
"R014-L01","R014","1","P001","아이스 아메리카노","커피","1","4500","4500","0","4500"
"R014-L02","R014","2","P019","햄치즈샌드위치","식사","1","7500","7500","0","7500"
"R015-L01","R015","1","P001","아이스 아메리카노","커피","1","4500","4500","0","4500"
"R015-L02","R015","2","P002","따뜻한 아메리카노","커피","2","4500","9000","0","9000"
"R016-L01","R016","1","P001","아이스 아메리카노","커피","1","4500","4500","0","4500"
"R016-L02","R016","2","P010","초콜릿라떼","음료","1","5500","5500","0","5500"
"R016-L03","R016","3","P004","바닐라라떼","커피","1","5500","5500","0","5500"
"R017-L01","R017","1","P009","말차라떼","음료","2","5800","11600","0","11600"
"R017-L02","R017","2","P018","마카롱","디저트","1","2800","2800","0","2800"
"R017-L03","R017","3","P013","크루아상","베이커리","1","4000","4000","0","4000"
"R017-L04","R017","4","P014","소금빵","베이커리","2","3500","7000","0","7000"
"R018-L01","R018","1","P006","콜드브루","커피","1","5500","5500","0","5500"
"R018-L02","R018","2","P010","초콜릿라떼","음료","2","5500","11000","0","11000"
"R019-L01","R019","1","P006","콜드브루","커피","1","5500","5500","0","5500"
"R020-L01","R020","1","P002","따뜻한 아메리카노","커피","1","4500","4500","0","4500"
"R020-L02","R020","2","P008","자몽에이드","음료","2","6000","12000","0","12000"
"R021-L01","R021","1","P004","바닐라라떼","커피","1","5500","5500","0","5500"
"R022-L01","R022","1","P011","얼그레이티","차","2","4500","9000","0","9000"
"R022-L02","R022","2","P007","레몬에이드","음료","1","6000","6000","0","6000"
"R022-L03","R022","3","P016","치즈케이크","디저트","1","6500","6500","0","6500"
"R023-L01","R023","1","P005","카푸치노","커피","1","5000","5000","500","4500"
"R024-L01","R024","1","P001","아이스 아메리카노","커피","1","4500","4500","0","4500"
"R024-L02","R024","2","P018","마카롱","디저트","2","2800","5600","0","5600"
"R025-L01","R025","1","P002","따뜻한 아메리카노","커피","1","4500","4500","0","4500"
"R025-L02","R025","2","P003","카페라떼","커피","1","5000","5000","0","5000"
"R025-L03","R025","3","P004","바닐라라떼","커피","1","5500","5500","0","5500"
"R026-L01","R026","1","P006","콜드브루","커피","2","5500","11000","0","11000"
"R026-L02","R026","2","P003","카페라떼","커피","2","5000","10000","0","10000"
"R027-L01","R027","1","P002","따뜻한 아메리카노","커피","2","4500","9000","0","9000"
"R027-L02","R027","2","P013","크루아상","베이커리","1","4000","4000","0","4000"
"R027-L03","R027","3","P019","햄치즈샌드위치","식사","1","7500","7500","0","7500"
"R028-L01","R028","1","P011","얼그레이티","차","1","4500","4500","0","4500"
"R029-L01","R029","1","P003","카페라떼","커피","1","5000","5000","0","5000"
"R029-L02","R029","2","P018","마카롱","디저트","2","2800","5600","0","5600"
"R030-L01","R030","1","P011","얼그레이티","차","1","4500","4500","0","4500"
"R031-L01","R031","1","P011","얼그레이티","차","1","4500","4500","1000","3500"
"R031-L02","R031","2","P014","소금빵","베이커리","1","3500","3500","0","3500"
"R031-L03","R031","3","P013","크루아상","베이커리","1","4000","4000","0","4000"
"R032-L01","R032","1","P003","카페라떼","커피","1","5000","5000","0","5000"
"R033-L01","R033","1","P001","아이스 아메리카노","커피","2","4500","9000","0","9000"
"R034-L01","R034","1","P009","말차라떼","음료","1","5800","5800","0","5800"
"R034-L02","R034","2","P017","초콜릿브라우니","디저트","2","4800","9600","0","9600"
"R034-L03","R034","3","P013","크루아상","베이커리","1","4000","4000","0","4000"
"R035-L01","R035","1","P001","아이스 아메리카노","커피","2","4500","9000","0","9000"
"R035-L02","R035","2","P014","소금빵","베이커리","1","3500","3500","0","3500"
"R035-L03","R035","3","P016","치즈케이크","디저트","1","6500","6500","0","6500"
"R036-L01","R036","1","P005","카푸치노","커피","1","5000","5000","0","5000"
"R036-L02","R036","2","P010","초콜릿라떼","음료","2","5500","11000","0","11000"
"R037-L01","R037","1","P009","말차라떼","음료","2","5800","11600","1000","10600"
"R038-L01","R038","1","P007","레몬에이드","음료","2","6000","12000","0","12000"
"R039-L01","R039","1","P011","얼그레이티","차","2","4500","9000","0","9000"
"R039-L02","R039","2","P003","카페라떼","커피","2","5000","10000","0","10000"
"R039-L03","R039","3","P015","블루베리머핀","베이커리","2","4200","8400","0","8400"
"R040-L01","R040","1","P003","카페라떼","커피","1","5000","5000","0","5000"
"R041-L01","R041","1","P006","콜드브루","커피","1","5500","5500","0","5500"
"R042-L01","R042","1","P001","아이스 아메리카노","커피","1","4500","4500","0","4500"
"R042-L02","R042","2","P016","치즈케이크","디저트","1","6500","6500","0","6500"
"R042-L03","R042","3","P017","초콜릿브라우니","디저트","1","4800","4800","0","4800"
"R043-L01","R043","1","P001","아이스 아메리카노","커피","1","4500","4500","0","4500"
"R043-L02","R043","2","P013","크루아상","베이커리","1","4000","4000","0","4000"
"R043-L03","R043","3","P018","마카롱","디저트","1","2800","2800","1000","1800"
"R043-L04","R043","4","P014","소금빵","베이커리","1","3500","3500","0","3500"
"R044-L01","R044","1","P011","얼그레이티","차","1","4500","4500","1000","3500"
"R044-L02","R044","2","P014","소금빵","베이커리","1","3500","3500","0","3500"
"R045-L01","R045","1","P001","아이스 아메리카노","커피","2","4500","9000","0","9000"
"R045-L02","R045","2","P003","카페라떼","커피","1","5000","5000","1000","4000"
"R046-L01","R046","1","P001","아이스 아메리카노","커피","2","4500","9000","0","9000"
"R046-L02","R046","2","P019","햄치즈샌드위치","식사","1","7500","7500","0","7500"
"R047-L01","R047","1","P004","바닐라라떼","커피","1","5500","5500","0","5500"
"R047-L02","R047","2","P016","치즈케이크","디저트","1","6500","6500","0","6500"
"R048-L01","R048","1","P011","얼그레이티","차","1","4500","4500","0","4500"
"R049-L01","R049","1","P011","얼그레이티","차","2","4500","9000","300","8700"
"R049-L02","R049","2","P019","햄치즈샌드위치","식사","1","7500","7500","0","7500"
"R050-L01","R050","1","P004","바닐라라떼","커피","1","5500","5500","0","5500"
"R050-L02","R050","2","P001","아이스 아메리카노","커피","1","4500","4500","0","4500"
"R051-L01","R051","1","P009","말차라떼","음료","2","5800","11600","0","11600"
"R051-L02","R051","2","P013","크루아상","베이커리","1","4000","4000","0","4000"
"R052-L01","R052","1","P003","카페라떼","커피","1","5000","5000","0","5000"
"R052-L02","R052","2","P007","레몬에이드","음료","1","6000","6000","1000","5000"
"R053-L01","R053","1","P004","바닐라라떼","커피","1","5500","5500","300","5200"
"R053-L02","R053","2","P020","치킨샌드위치","식사","1","8000","8000","0","8000"
"R053-L03","R053","3","P013","크루아상","베이커리","2","4000","8000","0","8000"
"R054-L01","R054","1","P011","얼그레이티","차","2","4500","9000","0","9000"
"R054-L02","R054","2","P016","치즈케이크","디저트","1","6500","6500","0","6500"
"R054-L03","R054","3","P010","초콜릿라떼","음료","1","5500","5500","0","5500"
"R055-L01","R055","1","P005","카푸치노","커피","1","5000","5000","0","5000"
"R055-L02","R055","2","P001","아이스 아메리카노","커피","1","4500","4500","0","4500"
"R055-L03","R055","3","P017","초콜릿브라우니","디저트","1","4800","4800","0","4800"
"R056-L01","R056","1","P001","아이스 아메리카노","커피","1","4500","4500","0","4500"
"R056-L02","R056","2","P017","초콜릿브라우니","디저트","1","4800","4800","1000","3800"
"R056-L03","R056","3","P013","크루아상","베이커리","1","4000","4000","0","4000"
"R057-L01","R057","1","P004","바닐라라떼","커피","1","5500","5500","0","5500"
"R058-L01","R058","1","P007","레몬에이드","음료","1","6000","6000","0","6000"
"R058-L02","R058","2","P003","카페라떼","커피","2","5000","10000","0","10000"
"R058-L03","R058","3","P016","치즈케이크","디저트","2","6500","13000","0","13000"
"R059-L01","R059","1","P001","아이스 아메리카노","커피","1","4500","4500","0","4500"
"R059-L02","R059","2","P014","소금빵","베이커리","2","3500","7000","0","7000"
"R059-L03","R059","3","P008","자몽에이드","음료","2","6000","12000","0","12000"
"R060-L01","R060","1","P002","따뜻한 아메리카노","커피","1","4500","4500","0","4500"
"R060-L02","R060","2","P016","치즈케이크","디저트","1","6500","6500","0","6500"
"R061-L01","R061","1","P004","바닐라라떼","커피","1","5500","5500","300","5200"
"R061-L02","R061","2","P017","초콜릿브라우니","디저트","2","4800","9600","1000","8600"
"R062-L01","R062","1","P007","레몬에이드","음료","1","6000","6000","0","6000"
"R062-L02","R062","2","P010","초콜릿라떼","음료","2","5500","11000","0","11000"
"R063-L01","R063","1","P007","레몬에이드","음료","2","6000","12000","0","12000"
"R063-L02","R063","2","P004","바닐라라떼","커피","1","5500","5500","0","5500"
"R064-L01","R064","1","P011","얼그레이티","차","2","4500","9000","0","9000"
"R064-L02","R064","2","P013","크루아상","베이커리","1","4000","4000","0","4000"
"R064-L03","R064","3","P017","초콜릿브라우니","디저트","1","4800","4800","0","4800"
"R065-L01","R065","1","P003","카페라떼","커피","2","5000","10000","0","10000"
"R065-L02","R065","2","P020","치킨샌드위치","식사","1","8000","8000","0","8000"
"R065-L03","R065","3","P013","크루아상","베이커리","1","4000","4000","0","4000"
"R066-L01","R066","1","P004","바닐라라떼","커피","1","5500","5500","0","5500"
"R066-L02","R066","2","P018","마카롱","디저트","1","2800","2800","500","2300"
"R066-L03","R066","3","P013","크루아상","베이커리","1","4000","4000","0","4000"
"R067-L01","R067","1","P012","캐모마일티","차","1","4500","4500","300","4200"
"R067-L02","R067","2","P010","초콜릿라떼","음료","1","5500","5500","0","5500"
"R068-L01","R068","1","P003","카페라떼","커피","1","5000","5000","0","5000"
"R068-L02","R068","2","P020","치킨샌드위치","식사","1","8000","8000","0","8000"
"R069-L01","R069","1","P006","콜드브루","커피","1","5500","5500","0","5500"
"R069-L02","R069","2","P014","소금빵","베이커리","1","3500","3500","0","3500"
"R070-L01","R070","1","P002","따뜻한 아메리카노","커피","1","4500","4500","0","4500"
"R071-L01","R071","1","P003","카페라떼","커피","2","5000","10000","1000","9000"
"R071-L02","R071","2","P007","레몬에이드","음료","1","6000","6000","0","6000"
"R071-L03","R071","3","P015","블루베리머핀","베이커리","2","4200","8400","0","8400"
"R071-L04","R071","4","P010","초콜릿라떼","음료","1","5500","5500","1000","4500"
"R072-L01","R072","1","P002","따뜻한 아메리카노","커피","2","4500","9000","0","9000"
"R072-L02","R072","2","P018","마카롱","디저트","1","2800","2800","0","2800"
"R072-L03","R072","3","P014","소금빵","베이커리","1","3500","3500","0","3500"
"R073-L01","R073","1","P004","바닐라라떼","커피","1","5500","5500","0","5500"
"R073-L02","R073","2","P003","카페라떼","커피","2","5000","10000","0","10000"
"R074-L01","R074","1","P007","레몬에이드","음료","1","6000","6000","0","6000"
"R074-L02","R074","2","P003","카페라떼","커피","1","5000","5000","0","5000"
"R074-L03","R074","3","P015","블루베리머핀","베이커리","1","4200","4200","0","4200"
"R075-L01","R075","1","P005","카푸치노","커피","1","5000","5000","0","5000"
"R075-L02","R075","2","P007","레몬에이드","음료","1","6000","6000","1000","5000"
"R075-L03","R075","3","P008","자몽에이드","음료","1","6000","6000","0","6000"
"R076-L01","R076","1","P011","얼그레이티","차","1","4500","4500","300","4200"
"R076-L02","R076","2","P014","소금빵","베이커리","1","3500","3500","0","3500"
"R077-L01","R077","1","P001","아이스 아메리카노","커피","1","4500","4500","0","4500"
"R077-L02","R077","2","P019","햄치즈샌드위치","식사","1","7500","7500","0","7500"
"R078-L01","R078","1","P007","레몬에이드","음료","1","6000","6000","0","6000"
"R078-L02","R078","2","P008","자몽에이드","음료","1","6000","6000","0","6000"
"R079-L01","R079","1","P001","아이스 아메리카노","커피","1","4500","4500","0","4500"
"R079-L02","R079","2","P015","블루베리머핀","베이커리","1","4200","4200","0","4200"
"R079-L03","R079","3","P019","햄치즈샌드위치","식사","1","7500","7500","0","7500"
"R080-L01","R080","1","P011","얼그레이티","차","1","4500","4500","0","4500"
"R080-L02","R080","2","P004","바닐라라떼","커피","2","5500","11000","0","11000"
"R080-L03","R080","3","P019","햄치즈샌드위치","식사","1","7500","7500","0","7500"
"R081-L01","R081","1","P001","아이스 아메리카노","커피","2","4500","9000","0","9000"
"R082-L01","R082","1","P005","카푸치노","커피","1","5000","5000","0","5000"
"R082-L02","R082","2","P003","카페라떼","커피","1","5000","5000","500","4500"
"R082-L03","R082","3","P010","초콜릿라떼","음료","2","5500","11000","0","11000"
"R083-L01","R083","1","P001","아이스 아메리카노","커피","1","4500","4500","0","4500"
"R083-L02","R083","2","P015","블루베리머핀","베이커리","1","4200","4200","0","4200"
"R084-L01","R084","1","P001","아이스 아메리카노","커피","2","4500","9000","0","9000"
"R085-L01","R085","1","P003","카페라떼","커피","1","5000","5000","0","5000"
"R085-L02","R085","2","P004","바닐라라떼","커피","1","5500","5500","0","5500"
"R086-L01","R086","1","P011","얼그레이티","차","1","4500","4500","0","4500"
"R086-L02","R086","2","P019","햄치즈샌드위치","식사","1","7500","7500","0","7500"
"R086-L03","R086","3","P016","치즈케이크","디저트","1","6500","6500","0","6500"
"R087-L01","R087","1","P012","캐모마일티","차","1","4500","4500","0","4500"
"R087-L02","R087","2","P009","말차라떼","음료","1","5800","5800","0","5800"
"R088-L01","R088","1","P002","따뜻한 아메리카노","커피","2","4500","9000","0","9000"
"R088-L02","R088","2","P003","카페라떼","커피","1","5000","5000","500","4500"
"R088-L03","R088","3","P007","레몬에이드","음료","1","6000","6000","300","5700"
"R088-L04","R088","4","P004","바닐라라떼","커피","1","5500","5500","0","5500"
"R089-L01","R089","1","P002","따뜻한 아메리카노","커피","1","4500","4500","0","4500"
"R089-L02","R089","2","P020","치킨샌드위치","식사","1","8000","8000","0","8000"
"R090-L01","R090","1","P001","아이스 아메리카노","커피","1","4500","4500","0","4500"
"R090-L02","R090","2","P017","초콜릿브라우니","디저트","1","4800","4800","0","4800"
"R091-L01","R091","1","P009","말차라떼","음료","1","5800","5800","0","5800"
"R091-L02","R091","2","P007","레몬에이드","음료","1","6000","6000","0","6000"
"R091-L03","R091","3","P004","바닐라라떼","커피","1","5500","5500","0","5500"
"R092-L01","R092","1","P009","말차라떼","음료","1","5800","5800","0","5800"
"R092-L02","R092","2","P016","치즈케이크","디저트","1","6500","6500","0","6500"
"R093-L01","R093","1","P004","바닐라라떼","커피","1","5500","5500","0","5500"
"R094-L01","R094","1","P009","말차라떼","음료","1","5800","5800","0","5800"
"R094-L02","R094","2","P020","치킨샌드위치","식사","1","8000","8000","0","8000"
"R094-L03","R094","3","P013","크루아상","베이커리","1","4000","4000","1000","3000"
"R095-L01","R095","1","P012","캐모마일티","차","1","4500","4500","0","4500"
"R095-L02","R095","2","P009","말차라떼","음료","1","5800","5800","0","5800"
"R096-L01","R096","1","P002","따뜻한 아메리카노","커피","1","4500","4500","0","4500"
"R096-L02","R096","2","P017","초콜릿브라우니","디저트","1","4800","4800","0","4800"
"R097-L01","R097","1","P009","말차라떼","음료","1","5800","5800","0","5800"
"R097-L02","R097","2","P018","마카롱","디저트","1","2800","2800","0","2800"
"R098-L01","R098","1","P003","카페라떼","커피","1","5000","5000","0","5000"
"R098-L02","R098","2","P018","마카롱","디저트","2","2800","5600","0","5600"
"R099-L01","R099","1","P007","레몬에이드","음료","2","6000","12000","0","12000"
"R099-L02","R099","2","P016","치즈케이크","디저트","1","6500","6500","500","6000"
"R100-L01","R100","1","P003","카페라떼","커피","1","5000","5000","0","5000"
"R100-L02","R100","2","P004","바닐라라떼","커피","2","5500","11000","1000","10000"