"change_id","receipt_id","line_no","field","raw_value","cleaned_value","rule_id"
"C00001","R001","","payment_method","","미확인","MISSING_PAYMENT"
"C00002","R001","","time","","","MISSING_TIME"
"C00003","R001","1","category","","커피","CATEGORY_FILL"
"C00004","R001","2","product_name","HOT AMERICANO","따뜻한 아메리카노","PRODUCT"
"C00005","R001","2","category","Coffee","커피","CATEGORY"
"C00006","R002","","date","09/02/2026","2026-09-02","DATE"
"C00007","R002","","time","08:06 AM","08:06","TIME"
"C00008","R002","","store","ONDAM CAFE","카페 온담","STORE"
"C00009","R002","","payment_method","CARD","카드","PAYMENT"
"C00010","R002","","receipt_amount","₩20,500","20500","MONEY"
"C00011","R002","1","product_name","CAFE LATTE","카페라떼","PRODUCT"
"C00012","R002","1","category","Coffee","커피","CATEGORY"
"C00013","R002","1","unit_price","₩5,000","5000","MONEY"
"C00014","R002","1","discount","₩0","0","MONEY"
"C00015","R002","1","line_amount","₩5,000","5000","MONEY"
"C00016","R002","2","product_name","바닐라 라떼","바닐라라떼","PRODUCT"
"C00017","R002","2","category","음료-커피","커피","CATEGORY"
"C00018","R002","2","unit_price","₩5,500","5500","MONEY"
"C00019","R002","2","discount","₩0","0","MONEY"
"C00020","R002","2","line_amount","₩5,500","5500","MONEY"
"C00021","R002","3","unit_price","₩5,000","5000","MONEY"
"C00022","R002","3","discount","₩0","0","MONEY"
"C00023","R002","3","line_amount","₩10,000","10000","MONEY"
"C00024","R003","","date","2026.09.02","2026-09-02","DATE"
"C00025","R003","","time","09시 08분","09:08","TIME"
"C00026","R003","","store","온담 카페","카페 온담","STORE"
"C00027","R003","","payment_method","신용카드","카드","PAYMENT"
"C00028","R003","","receipt_amount","11,200원","11200","MONEY"
"C00029","R003","1","product_name","콜드 브루","콜드브루","PRODUCT"
"C00030","R003","1","category","음료-커피","커피","CATEGORY"
"C00031","R003","1","quantity","1개","1","QUANTITY"
"C00032","R003","1","unit_price","5,500원","5500","MONEY"
"C00033","R003","1","discount","0원","0","MONEY"
"C00034","R003","1","line_amount","5,500원","5500","MONEY"
"C00035","R003","2","quantity","1개","1","QUANTITY"
"C00036","R003","2","unit_price","6,000원","6000","MONEY"
"C00037","R003","2","discount","300원","300","MONEY"
"C00038","R003","2","line_amount","5,700원","5700","MONEY"
"C00039","R004","","date","2026년 9월 2일","2026-09-02","DATE"
"C00040","R004","","time","1105","11:05","TIME"
"C00041","R004","","payment_method","삼성카드","카드","PAYMENT"
"C00042","R004","","receipt_amount","26,600","26600","MONEY"
"C00043","R004","1","unit_price","6,000","6000","MONEY"
"C00044","R004","1","line_amount","6,000","6000","MONEY"
"C00045","R004","2","product_name","MATCHA LATTE","말차라떼","PRODUCT"
"C00046","R004","2","category","Beverage","음료","CATEGORY"
"C00047","R004","2","unit_price","5,800","5800","MONEY"
"C00048","R004","2","line_amount","11,600","11600","MONEY"
"C00049","R004","3","product_name","초콜릿 라떼","초콜릿라떼","PRODUCT"
"C00050","R004","3","category","기타 음료","음료","CATEGORY"
"C00051","R004","3","unit_price","5,500","5500","MONEY"
"C00052","R004","3","discount","1,000","1000","MONEY"
"C00053","R004","3","line_amount","4,500","4500","MONEY"
"C00054","R004","4","unit_price","4,500","4500","MONEY"
"C00055","R004","4","line_amount","4,500","4500","MONEY"
"C00056","R005","","date","2 Sep 2026","2026-09-02","DATE"
"C00057","R005","","time","11:53:00","11:53","TIME"
"C00058","R005","","store","ONDAM CAFE","카페 온담","STORE"
"C00059","R005","","receipt_amount","KRW 9000","9000","MONEY"
"C00060","R005","1","product_name","CHAMOMILE TEA","캐모마일티","PRODUCT"
"C00061","R005","1","category","Tea","차","CATEGORY"
"C00062","R005","1","unit_price","KRW 4500","4500","MONEY"
"C00063","R005","1","discount","KRW 0","0","MONEY"
"C00064","R005","1","line_amount","KRW 9000","9000","MONEY"
"C00065","R006","","store","온담 카페","카페 온담","STORE"
"C00066","R006","","payment_method","CARD","카드","PAYMENT"
"C00067","R006","1","product_name","버터 크루아상","크루아상","PRODUCT"
"C00068","R006","1","category","빵","베이커리","CATEGORY"
"C00069","R007","","date","09/02/2026","2026-09-02","DATE"
"C00070","R007","","time","02:48 PM","14:48","TIME"
"C00071","R007","","payment_method","신용카드","카드","PAYMENT"
"C00072","R007","","receipt_amount","₩14,200","14200","MONEY"
"C00073","R007","1","unit_price","₩3,500","3500","MONEY"
"C00074","R007","1","discount","₩0","0","MONEY"
"C00075","R007","1","line_amount","₩3,500","3500","MONEY"
"C00076","R007","2","product_name","BLUEBERRY MUFFIN","블루베리머핀","PRODUCT"
"C00077","R007","2","category","Bakery","베이커리","CATEGORY"
"C00078","R007","2","unit_price","₩4,200","4200","MONEY"
"C00079","R007","2","discount","₩0","0","MONEY"
"C00080","R007","2","line_amount","₩4,200","4200","MONEY"
"C00081","R007","3","product_name","치즈 케이크","치즈케이크","PRODUCT"
"C00082","R007","3","category","스위트","디저트","CATEGORY"
"C00083","R007","3","unit_price","₩6,500","6500","MONEY"
"C00084","R007","3","discount","₩0","0","MONEY"
"C00085","R007","3","line_amount","₩6,500","6500","MONEY"
"C00086","R008","","date","2026.09.03","2026-09-03","DATE"
"C00087","R008","","time","12시 45분","12:45","TIME"
"C00088","R008","","store","ONDAM CAFE","카페 온담","STORE"
"C00089","R008","","payment_method","삼성카드","카드","PAYMENT"
"C00090","R008","","receipt_amount","7,600원","7600","MONEY"
"C00091","R008","1","product_name","CHOCOLATE BROWNIE","초콜릿브라우니","PRODUCT"
"C00092","R008","1","category","Dessert","디저트","CATEGORY"
"C00093","R008","1","quantity","1개","1","QUANTITY"
"C00094","R008","1","unit_price","4,800원","4800","MONEY"
"C00095","R008","1","discount","0원","0","MONEY"
"C00096","R008","1","line_amount","4,800원","4800","MONEY"
"C00097","R008","2","product_name","수제 마카롱","마카롱","PRODUCT"
"C00098","R008","2","category","스위트","디저트","CATEGORY"
"C00099","R008","2","quantity","1개","1","QUANTITY"
"C00100","R008","2","unit_price","2,800원","2800","MONEY"
"C00101","R008","2","discount","0원","0","MONEY"
"C00102","R008","2","line_amount","2,800원","2800","MONEY"
"C00103","R009","","date","2026년 9월 3일","2026-09-03","DATE"
"C00104","R009","","time","1357","13:57","TIME"
"C00105","R009","","store","온담 카페","카페 온담","STORE"
"C00106","R009","","receipt_amount","7,500","7500","MONEY"
"C00107","R009","1","product_name","햄치즈 샌드위치","햄치즈샌드위치","PRODUCT"
"C00108","R009","1","category","샌드위치류","식사","CATEGORY"
"C00109","R009","1","unit_price","7,500","7500","MONEY"
"C00110","R009","1","line_amount","7,500","7500","MONEY"
"C00111","R010","","date","4 Sep 2026","2026-09-04","DATE"
"C00112","R010","","time","12:49:00","12:49","TIME"
"C00113","R010","","payment_method","CARD","카드","PAYMENT"
"C00114","R010","","receipt_amount","KRW 13500","13500","MONEY"
"C00115","R010","1","category","","식사","CATEGORY_FILL"
"C00116","R010","1","unit_price","KRW 8000","8000","MONEY"
"C00117","R010","1","discount","KRW 0","0","MONEY"
"C00118","R010","1","line_amount","KRW 8000","8000","MONEY"
"C00119","R010","2","product_name","VANILLA LATTE","바닐라라떼","PRODUCT"
"C00120","R010","2","category","Coffee","커피","CATEGORY"
"C00121","R010","2","unit_price","KRW 5500","5500","MONEY"
"C00122","R010","2","discount","KRW 0","0","MONEY"
"C00123","R010","2","line_amount","KRW 5500","5500","MONEY"
"C00124","R011","","store","ONDAM CAFE","카페 온담","STORE"
"C00125","R011","","payment_method","NAVER PAY","간편결제","PAYMENT"
"C00126","R011","1","product_name","CAFE LATTE","카페라떼","PRODUCT"
"C00127","R011","1","category","Coffee","커피","CATEGORY"
"C00128","R011","2","product_name","버터 크루아상","크루아상","PRODUCT"
"C00129","R011","2","category","빵","베이커리","CATEGORY"
"C00130","R012","","date","09/04/2026","2026-09-04","DATE"
"C00131","R012","","time","01:41 PM","13:41","TIME"
"C00132","R012","","store","온담 카페","카페 온담","STORE"
"C00133","R012","","payment_method","삼성카드","카드","PAYMENT"
"C00134","R012","","receipt_amount","₩9,000","9000","MONEY"
"C00135","R012","1","product_name","바닐라 라떼","바닐라라떼","PRODUCT"
"C00136","R012","1","category","음료-커피","커피","CATEGORY"
"C00137","R012","1","unit_price","₩5,500","5500","MONEY"
"C00138","R012","1","discount","₩0","0","MONEY"
"C00139","R012","1","line_amount","₩5,500","5500","MONEY"
"C00140","R012","2","unit_price","₩3,500","3500","MONEY"
"C00141","R012","2","discount","₩0","0","MONEY"
"C00142","R012","2","line_amount","₩3,500","3500","MONEY"
"C00143","R013","","date","2026.09.04","2026-09-04","DATE"
"C00144","R013","","time","14시 30분","14:30","TIME"
"C00145","R013","","receipt_amount","15,000원","15000","MONEY"
"C00146","R013","1","quantity","1개","1","QUANTITY"
"C00147","R013","1","unit_price","4,500원","4500","MONEY"
"C00148","R013","1","discount","0원","0","MONEY"
"C00149","R013","1","line_amount","4,500원","4500","MONEY"
"C00150","R013","2","product_name","ICE AMERICANO","아이스 아메리카노","PRODUCT"
"C00151","R013","2","category","Coffee","커피","CATEGORY"
"C00152","R013","2","quantity","1개","1","QUANTITY"
"C00153","R013","2","unit_price","4,500원","4500","MONEY"
"C00154","R013","2","discount","0원","0","MONEY"
"C00155","R013","2","line_amount","4,500원","4500","MONEY"
"C00156","R013","3","product_name","레몬 에이드","레몬에이드","PRODUCT"
"C00157","R013","3","category","기타 음료","음료","CATEGORY"
"C00158","R013","3","quantity","1개","1","QUANTITY"
"C00159","R013","3","unit_price","6,000원","6000","MONEY"
"C00160","R013","3","discount","0원","0","MONEY"
"C00161","R013","3","line_amount","6,000원","6000","MONEY"
"C00162","R014","","date","2026년 9월 5일","2026-09-05","DATE"
"C00163","R014","","time","1231","12:31","TIME"
"C00164","R014","","store","ONDAM CAFE","카페 온담","STORE"
"C00165","R014","","payment_method","CASH","현금","PAYMENT"
"C00166","R014","","receipt_amount","12,000","12000","MONEY"
"C00167","R014","1","product_name","ICE AMERICANO","아이스 아메리카노","PRODUCT"
"C00168","R014","1","category","Coffee","커피","CATEGORY"
"C00169","R014","1","unit_price","4,500","4500","MONEY"
"C00170","R014","1","line_amount","4,500","4500","MONEY"
"C00171","R014","2","product_name","햄치즈 샌드위치","햄치즈샌드위치","PRODUCT"
"C00172","R014","2","category","샌드위치류","식사","CATEGORY"
"C00173","R014","2","unit_price","7,500","7500","MONEY"
"C00174","R014","2","line_amount","7,500","7500","MONEY"
"C00175","R015","","date","5 Sep 2026","2026-09-05","DATE"
"C00176","R015","","time","13:35:00","13:35","TIME"
"C00177","R015","","store","온담 카페","카페 온담","STORE"
"C00178","R015","","payment_method","신용카드","카드","PAYMENT"
"C00179","R015","","receipt_amount","KRW 13500","13500","MONEY"
"C00180","R015","1","product_name","아이스아메리카노","아이스 아메리카노","PRODUCT"
"C00181","R015","1","category","음료-커피","커피","CATEGORY"
"C00182","R015","1","unit_price","KRW 4500","4500","MONEY"
"C00183","R015","1","discount","KRW 0","0","MONEY"
"C00184","R015","1","line_amount","KRW 4500","4500","MONEY"
"C00185","R015","2","unit_price","KRW 4500","4500","MONEY"
"C00186","R015","2","discount","KRW 0","0","MONEY"
"C00187","R015","2","line_amount","KRW 9000","9000","MONEY"
"C00188","R016","","payment_method","삼성카드","카드","PAYMENT"
"C00189","R016","2","product_name","CHOCOLATE LATTE","초콜릿라떼","PRODUCT"
"C00190","R016","2","category","Beverage","음료","CATEGORY"
"C00191","R016","3","product_name","바닐라 라떼","바닐라라떼","PRODUCT"
"C00192","R016","3","category","음료-커피","커피","CATEGORY"
"C00193","R017","","date","09/06/2026","2026-09-06","DATE"
"C00194","R017","","time","02:33 PM","14:33","TIME"
"C00195","R017","","store","ONDAM CAFE","카페 온담","STORE"
"C00196","R017","","payment_method","CASH","현금","PAYMENT"
"C00197","R017","","receipt_amount","₩25,400","25400","MONEY"
"C00198","R017","1","product_name","MATCHA LATTE","말차라떼","PRODUCT"
"C00199","R017","1","category","Beverage","음료","CATEGORY"
"C00200","R017","1","unit_price","₩5,800","5800","MONEY"
"C00201","R017","1","discount","₩0","0","MONEY"
"C00202","R017","1","line_amount","₩11,600","11600","MONEY"
"C00203","R017","2","product_name","수제 마카롱","마카롱","PRODUCT"
"C00204","R017","2","category","스위트","디저트","CATEGORY"
"C00205","R017","2","unit_price","₩2,800","2800","MONEY"
"C00206","R017","2","discount","₩0","0","MONEY"
"C00207","R017","2","line_amount","₩2,800","2800","MONEY"
"C00208","R017","3","unit_price","₩4,000","4000","MONEY"
"C00209","R017","3","discount","₩0","0","MONEY"
"C00210","R017","3","line_amount","₩4,000","4000","MONEY"
"C00211","R017","4","product_name","SALT BREAD","소금빵","PRODUCT"
"C00212","R017","4","category","","베이커리","CATEGORY_FILL"
"C00213","R017","4","unit_price","₩3,500","3500","MONEY"
"C00214","R017","4","discount","₩0","0","MONEY"
"C00215","R017","4","line_amount","₩7,000","7000","MONEY"
"C00216","R018","","date","2026.09.06","2026-09-06","DATE"
"C00217","R018","","time","17시 24분","17:24","TIME"
"C00218","R018","","store","온담 카페","카페 온담","STORE"
"C00219","R018","","payment_method","KAKAO PAY","간편결제","PAYMENT"
"C00220","R018","","receipt_amount","16,500원","16500","MONEY"
"C00221","R018","1","product_name","콜드 브루","콜드브루","PRODUCT"
"C00222","R018","1","category","음료-커피","커피","CATEGORY"
"C00223","R018","1","quantity","1개","1","QUANTITY"
"C00224","R018","1","unit_price","5,500원","5500","MONEY"
"C00225","R018","1","discount","0원","0","MONEY"
"C00226","R018","1","line_amount","5,500원","5500","MONEY"
"C00227","R018","2","quantity","2개","2","QUANTITY"
"C00228","R018","2","unit_price","5,500원","5500","MONEY"
"C00229","R018","2","discount","0원","0","MONEY"
"C00230","R018","2","line_amount","11,000원","11000","MONEY"
"C00231","R019","","date","2026년 9월 6일","2026-09-06","DATE"
"C00232","R019","","time","2012","20:12","TIME"
"C00233","R019","","payment_method","NAVER PAY","간편결제","PAYMENT"
"C00234","R019","","receipt_amount","5,500","5500","MONEY"
"C00235","R019","1","unit_price","5,500","5500","MONEY"
"C00236","R019","1","line_amount","5,500","5500","MONEY"
"C00237","R020","","date","6 Sep 2026","2026-09-06","DATE"
"C00238","R020","","time","20:44:00","20:44","TIME"
"C00239","R020","","store","ONDAM CAFE","카페 온담","STORE"
"C00240","R020","","payment_method","삼성카드","카드","PAYMENT"
"C00241","R020","","receipt_amount","KRW 16500","16500","MONEY"
"C00242","R020","1","product_name","HOT AMERICANO","따뜻한 아메리카노","PRODUCT"
"C00243","R020","1","category","Coffee","커피","CATEGORY"
"C00244","R020","1","unit_price","KRW 4500","4500","MONEY"
"C00245","R020","1","discount","KRW 0","0","MONEY"
"C00246","R020","1","line_amount","KRW 4500","4500","MONEY"
"C00247","R020","2","product_name","자몽 에이드","자몽에이드","PRODUCT"
"C00248","R020","2","category","기타 음료","음료","CATEGORY"
"C00249","R020","2","unit_price","KRW 6000","6000","MONEY"
"C00250","R020","2","discount","KRW 0","0","MONEY"
"C00251","R020","2","line_amount","KRW 12000","12000","MONEY"
"C00252","R021","","store","온담 카페","카페 온담","STORE"
"C00253","R021","","payment_method","현금결제","현금","PAYMENT"
"C00254","R021","1","product_name","바닐라 라떼","바닐라라떼","PRODUCT"
"C00255","R021","1","category","음료-커피","커피","CATEGORY"
"C00256","R022","","date","09/07/2026","2026-09-07","DATE"
"C00257","R022","","payment_method","CARD","카드","PAYMENT"
"C00258","R022","","time","","","MISSING_TIME"
"C00259","R022","","receipt_amount","₩21,500","21500","MONEY"
"C00260","R022","1","unit_price","₩4,500","4500","MONEY"
"C00261","R022","1","discount","₩0","0","MONEY"
"C00262","R022","1","line_amount","₩9,000","9000","MONEY"
"C00263","R022","2","product_name","LEMON ADE","레몬에이드","PRODUCT"
"C00264","R022","2","category","Beverage","음료","CATEGORY"
"C00265","R022","2","unit_price","₩6,000","6000","MONEY"
"C00266","R022","2","discount","₩0","0","MONEY"
"C00267","R022","2","line_amount","₩6,000","6000","MONEY"
"C00268","R022","3","product_name","치즈 케이크","치즈케이크","PRODUCT"
"C00269","R022","3","category","스위트","디저트","CATEGORY"
"C00270","R022","3","unit_price","₩6,500","6500","MONEY"
"C00271","R022","3","discount","₩0","0","MONEY"
"C00272","R022","3","line_amount","₩6,500","6500","MONEY"
"C00273","R023","","date","2026.09.07","2026-09-07","DATE"
"C00274","R023","","time","13시 38분","13:38","TIME"
"C00275","R023","","store","ONDAM CAFE","카페 온담","STORE"
"C00276","R023","","payment_method","신용카드","카드","PAYMENT"
"C00277","R023","","receipt_amount","4,500원","4500","MONEY"
"C00278","R023","1","product_name","CAPPUCCINO","카푸치노","PRODUCT"
"C00279","R023","1","category","Coffee","커피","CATEGORY"
"C00280","R023","1","quantity","1개","1","QUANTITY"
"C00281","R023","1","unit_price","5,000원","5000","MONEY"
"C00282","R023","1","discount","500원","500","MONEY"
"C00283","R023","1","line_amount","4,500원","4500","MONEY"
"C00284","R024","","date","2026년 9월 7일","2026-09-07","DATE"
"C00285","R024","","time","1508","15:08","TIME"
"C00286","R024","","store","온담 카페","카페 온담","STORE"
"C00287","R024","","payment_method","삼성카드","카드","PAYMENT"
"C00288","R024","","receipt_amount","10,100","10100","MONEY"
"C00289","R024","1","product_name","아이스아메리카노","아이스 아메리카노","PRODUCT"
"C00290","R024","1","category","음료-커피","커피","CATEGORY"
"C00291","R024","1","unit_price","4,500","4500","MONEY"
"C00292","R024","1","line_amount","4,500","4500","MONEY"
"C00293","R024","2","unit_price","2,800","2800","MONEY"
"C00294","R024","2","line_amount","5,600","5600","MONEY"
"C00295","R025","","date","8 Sep 2026","2026-09-08","DATE"
"C00296","R025","","time","08:31:00","08:31","TIME"
"C00297","R025","","receipt_amount","KRW 15000","15000","MONEY"
"C00298","R025","1","unit_price","KRW 4500","4500","MONEY"
"C00299","R025","1","discount","KRW 0","0","MONEY"
"C00300","R025","1","line_amount","KRW 4500","4500","MONEY"
"C00301","R025","2","product_name","CAFE LATTE","카페라떼","PRODUCT"
"C00302","R025","2","category","Coffee","커피","CATEGORY"
"C00303","R025","2","unit_price","KRW 5000","5000","MONEY"
"C00304","R025","2","discount","KRW 0","0","MONEY"
"C00305","R025","2","line_amount","KRW 5000","5000","MONEY"
"C00306","R025","3","product_name","바닐라 라떼","바닐라라떼","PRODUCT"
"C00307","R025","3","category","음료-커피","커피","CATEGORY"
"C00308","R025","3","unit_price","KRW 5500","5500","MONEY"
"C00309","R025","3","discount","KRW 0","0","MONEY"
"C00310","R025","3","line_amount","KRW 5500","5500","MONEY"
"C00311","R026","","store","ONDAM CAFE","카페 온담","STORE"
"C00312","R026","","payment_method","KAKAO PAY","간편결제","PAYMENT"
"C00313","R026","1","product_name","COLD BREW","콜드브루","PRODUCT"
"C00314","R026","1","category","Coffee","커피","CATEGORY"
"C00315","R026","2","product_name","카페 라떼","카페라떼","PRODUCT"
"C00316","R026","2","category","음료-커피","커피","CATEGORY"
"C00317","R027","","date","09/08/2026","2026-09-08","DATE"
"C00318","R027","","time","01:37 PM","13:37","TIME"
"C00319","R027","","store","온담 카페","카페 온담","STORE"
"C00320","R027","","payment_method","신용카드","카드","PAYMENT"
"C00321","R027","","receipt_amount","₩20,500","20500","MONEY"
"C00322","R027","1","product_name","핫 아메리카노","따뜻한 아메리카노","PRODUCT"
"C00323","R027","1","category","음료-커피","커피","CATEGORY"
"C00324","R027","1","unit_price","₩4,500","4500","MONEY"
"C00325","R027","1","discount","₩0","0","MONEY"
"C00326","R027","1","line_amount","₩9,000","9000","MONEY"
"C00327","R027","2","category","","베이커리","CATEGORY_FILL"
"C00328","R027","2","unit_price","₩4,000","4000","MONEY"
"C00329","R027","2","discount","₩0","0","MONEY"
"C00330","R027","2","line_amount","₩4,000","4000","MONEY"
"C00331","R027","3","product_name","HAM CHEESE SANDWICH","햄치즈샌드위치","PRODUCT"
"C00332","R027","3","category","Meal","식사","CATEGORY"
"C00333","R027","3","unit_price","₩7,500","7500","MONEY"
"C00334","R027","3","discount","₩0","0","MONEY"
"C00335","R027","3","line_amount","₩7,500","7500","MONEY"
"C00336","R028","","date","2026.09.08","2026-09-08","DATE"
"C00337","R028","","time","18시 14분","18:14","TIME"
"C00338","R028","","payment_method","삼성카드","카드","PAYMENT"
"C00339","R028","","receipt_amount","4,500원","4500","MONEY"
"C00340","R028","1","quantity","1개","1","QUANTITY"
"C00341","R028","1","unit_price","4,500원","4500","MONEY"
"C00342","R028","1","discount","0원","0","MONEY"
"C00343","R028","1","line_amount","4,500원","4500","MONEY"
"C00344","R029","","date","2026년 9월 8일","2026-09-08","DATE"
"C00345","R029","","time","1820","18:20","TIME"
"C00346","R029","","store","ONDAM CAFE","카페 온담","STORE"
"C00347","R029","","receipt_amount","10,600","10600","MONEY"
"C00348","R029","1","product_name","CAFE LATTE","카페라떼","PRODUCT"
"C00349","R029","1","category","Coffee","커피","CATEGORY"
"C00350","R029","1","unit_price","5,000","5000","MONEY"
"C00351","R029","1","line_amount","5,000","5000","MONEY"
"C00352","R029","2","product_name","수제 마카롱","마카롱","PRODUCT"
"C00353","R029","2","category","스위트","디저트","CATEGORY"
"C00354","R029","2","unit_price","2,800","2800","MONEY"
"C00355","R029","2","line_amount","5,600","5600","MONEY"
"C00356","R030","","date","9 Sep 2026","2026-09-09","DATE"
"C00357","R030","","time","11:45:00","11:45","TIME"
"C00358","R030","","store","온담 카페","카페 온담","STORE"
"C00359","R030","","payment_method","KAKAO PAY","간편결제","PAYMENT"
"C00360","R030","","receipt_amount","KRW 4500","4500","MONEY"
"C00361","R030","1","product_name","얼그레이 티","얼그레이티","PRODUCT"
"C00362","R030","1","category","티","차","CATEGORY"
"C00363","R030","1","unit_price","KRW 4500","4500","MONEY"
"C00364","R030","1","discount","KRW 0","0","MONEY"
"C00365","R030","1","line_amount","KRW 4500","4500","MONEY"
"C00366","R031","","payment_method","신용카드","카드","PAYMENT"
"C00367","R031","2","product_name","SALT BREAD","소금빵","PRODUCT"
"C00368","R031","2","category","Bakery","베이커리","CATEGORY"
"C00369","R031","3","product_name","버터 크루아상","크루아상","PRODUCT"
"C00370","R031","3","category","빵","베이커리","CATEGORY"
"C00371","R032","","date","09/09/2026","2026-09-09","DATE"
"C00372","R032","","time","05:44 PM","17:44","TIME"
"C00373","R032","","store","ONDAM CAFE","카페 온담","STORE"
"C00374","R032","","payment_method","삼성카드","카드","PAYMENT"
"C00375","R032","","receipt_amount","₩5,000","5000","MONEY"
"C00376","R032","1","product_name","CAFE LATTE","카페라떼","PRODUCT"
"C00377","R032","1","category","Coffee","커피","CATEGORY"
"C00378","R032","1","unit_price","₩5,000","5000","MONEY"
"C00379","R032","1","discount","₩0","0","MONEY"
"C00380","R032","1","line_amount","₩5,000","5000","MONEY"
"C00381","R033","","date","2026.09.10","2026-09-10","DATE"
"C00382","R033","","time","16시 04분","16:04","TIME"
"C00383","R033","","store","온담 카페","카페 온담","STORE"
"C00384","R033","","receipt_amount","9,000원","9000","MONEY"
"C00385","R033","1","product_name","아이스아메리카노","아이스 아메리카노","PRODUCT"
"C00386","R033","1","category","음료-커피","커피","CATEGORY"
"C00387","R033","1","quantity","2개","2","QUANTITY"
"C00388","R033","1","unit_price","4,500원","4500","MONEY"
"C00389","R033","1","discount","0원","0","MONEY"
"C00390","R033","1","line_amount","9,000원","9000","MONEY"
"C00391","R034","","date","2026년 9월 10일","2026-09-10","DATE"
"C00392","R034","","time","1805","18:05","TIME"
"C00393","R034","","payment_method","CARD","카드","PAYMENT"
"C00394","R034","","receipt_amount","19,400","19400","MONEY"
"C00395","R034","1","unit_price","5,800","5800","MONEY"
"C00396","R034","1","line_amount","5,800","5800","MONEY"
"C00397","R034","2","product_name","CHOCOLATE BROWNIE","초콜릿브라우니","PRODUCT"
"C00398","R034","2","category","Dessert","디저트","CATEGORY"
"C00399","R034","2","unit_price","4,800","4800","MONEY"
"C00400","R034","2","line_amount","9,600","9600","MONEY"
"C00401","R034","3","product_name","버터 크루아상","크루아상","PRODUCT"
"C00402","R034","3","category","빵","베이커리","CATEGORY"
"C00403","R034","3","unit_price","4,000","4000","MONEY"
"C00404","R034","3","line_amount","4,000","4000","MONEY"
"C00405","R035","","date","11 Sep 2026","2026-09-11","DATE"
"C00406","R035","","time","08:59:00","08:59","TIME"
"C00407","R035","","store","ONDAM CAFE","카페 온담","STORE"
"C00408","R035","","payment_method","신용카드","카드","PAYMENT"
"C00409","R035","","receipt_amount","KRW 19000","19000","MONEY"
"C00410","R035","1","product_name","ICE AMERICANO","아이스 아메리카노","PRODUCT"
"C00411","R035","1","category","Coffee","커피","CATEGORY"
"C00412","R035","1","unit_price","KRW 4500","4500","MONEY"
"C00413","R035","1","discount","KRW 0","0","MONEY"
"C00414","R035","1","line_amount","KRW 9000","9000","MONEY"
"C00415","R035","2","product_name","소금 빵","소금빵","PRODUCT"
"C00416","R035","2","category","빵","베이커리","CATEGORY"
"C00417","R035","2","unit_price","KRW 3500","3500","MONEY"
"C00418","R035","2","discount","KRW 0","0","MONEY"
"C00419","R035","2","line_amount","KRW 3500","3500","MONEY"
"C00420","R035","3","unit_price","KRW 6500","6500","MONEY"
"C00421","R035","3","discount","KRW 0","0","MONEY"
"C00422","R035","3","line_amount","KRW 6500","6500","MONEY"
"C00423","R036","","store","온담 카페","카페 온담","STORE"
"C00424","R036","","payment_method","삼성카드","카드","PAYMENT"
"C00425","R036","1","product_name","카푸 치노","카푸치노","PRODUCT"
"C00426","R036","1","category","음료-커피","커피","CATEGORY"
"C00427","R037","","date","09/11/2026","2026-09-11","DATE"
"C00428","R037","","time","02:50 PM","14:50","TIME"
"C00429","R037","","receipt_amount","₩10,600","10600","MONEY"
"C00430","R037","1","category","","음료","CATEGORY_FILL"
"C00431","R037","1","unit_price","₩5,800","5800","MONEY"
"C00432","R037","1","discount","₩1,000","1000","MONEY"
"C00433","R037","1","line_amount","₩10,600","10600","MONEY"
"C00434","R038","","date","2026.09.11","2026-09-11","DATE"
"C00435","R038","","time","17시 02분","17:02","TIME"
"C00436","R038","","store","ONDAM CAFE","카페 온담","STORE"
"C00437","R038","","payment_method","","미확인","MISSING_PAYMENT"
"C00438","R038","","receipt_amount","12,000원","12000","MONEY"
"C00439","R038","1","product_name","LEMON ADE","레몬에이드","PRODUCT"
"C00440","R038","1","category","Beverage","음료","CATEGORY"
"C00441","R038","1","quantity","2개","2","QUANTITY"
"C00442","R038","1","unit_price","6,000원","6000","MONEY"
"C00443","R038","1","discount","0원","0","MONEY"
"C00444","R038","1","line_amount","12,000원","12000","MONEY"
"C00445","R039","","date","2026년 9월 12일","2026-09-12","DATE"
"C00446","R039","","time","2054","20:54","TIME"
"C00447","R039","","store","온담 카페","카페 온담","STORE"
"C00448","R039","","payment_method","NAVER PAY","간편결제","PAYMENT"
"C00449","R039","","receipt_amount","27,400","27400","MONEY"
"C00450","R039","1","product_name","얼그레이 티","얼그레이티","PRODUCT"
"C00451","R039","1","category","티","차","CATEGORY"
"C00452","R039","1","unit_price","4,500","4500","MONEY"
"C00453","R039","1","line_amount","9,000","9000","MONEY"
"C00454","R039","2","unit_price","5,000","5000","MONEY"
"C00455","R039","2","line_amount","10,000","10000","MONEY"
"C00456","R039","3","product_name","BLUEBERRY MUFFIN","블루베리머핀","PRODUCT"
"C00457","R039","3","category","Bakery","베이커리","CATEGORY"
"C00458","R039","3","unit_price","4,200","4200","MONEY"
"C00459","R039","3","line_amount","8,400","8400","MONEY"
"C00460","R040","","date","13 Sep 2026","2026-09-13","DATE"
"C00461","R040","","time","12:28:00","12:28","TIME"
"C00462","R040","","payment_method","삼성카드","카드","PAYMENT"
"C00463","R040","","receipt_amount","KRW 5000","5000","MONEY"
"C00464","R040","1","unit_price","KRW 5000","5000","MONEY"
"C00465","R040","1","discount","KRW 0","0","MONEY"
"C00466","R040","1","line_amount","KRW 5000","5000","MONEY"
"C00467","R041","","store","ONDAM CAFE","카페 온담","STORE"
"C00468","R041","1","product_name","COLD BREW","콜드브루","PRODUCT"
"C00469","R041","1","category","Coffee","커피","CATEGORY"
"C00470","R042","","date","09/13/2026","2026-09-13","DATE"
"C00471","R042","","time","06:44 PM","18:44","TIME"
"C00472","R042","","store","온담 카페","카페 온담","STORE"
"C00473","R042","","payment_method","CARD","카드","PAYMENT"
"C00474","R042","","receipt_amount","₩15,800","15800","MONEY"
"C00475","R042","1","product_name","아이스아메리카노","아이스 아메리카노","PRODUCT"
"C00476","R042","1","category","음료-커피","커피","CATEGORY"
"C00477","R042","1","unit_price","₩4,500","4500","MONEY"
"C00478","R042","1","discount","₩0","0","MONEY"
"C00479","R042","1","line_amount","₩4,500","4500","MONEY"
"C00480","R042","2","unit_price","₩6,500","6500","MONEY"
"C00481","R042","2","discount","₩0","0","MONEY"
"C00482","R042","2","line_amount","₩6,500","6500","MONEY"
"C00483","R042","3","product_name","CHOCOLATE BROWNIE","초콜릿브라우니","PRODUCT"
"C00484","R042","3","category","Dessert","디저트","CATEGORY"
"C00485","R042","3","unit_price","₩4,800","4800","MONEY"
"C00486","R042","3","discount","₩0","0","MONEY"
"C00487","R042","3","line_amount","₩4,800","4800","MONEY"
"C00488","R043","","date","2026.09.13","2026-09-13","DATE"
"C00489","R043","","payment_method","신용카드","카드","PAYMENT"
"C00490","R043","","time","","","MISSING_TIME"
"C00491","R043","","receipt_amount","13,800원","13800","MONEY"
"C00492","R043","1","quantity","1개","1","QUANTITY"
"C00493","R043","1","unit_price","4,500원","4500","MONEY"
"C00494","R043","1","discount","0원","0","MONEY"
"C00495","R043","1","line_amount","4,500원","4500","MONEY"
"C00496","R043","2","product_name","CROISSANT","크루아상","PRODUCT"
"C00497","R043","2","category","Bakery","베이커리","CATEGORY"
"C00498","R043","2","quantity","1개","1","QUANTITY"
"C00499","R043","2","unit_price","4,000원","4000","MONEY"
"C00500","R043","2","discount","0원","0","MONEY"
"C00501","R043","2","line_amount","4,000원","4000","MONEY"
"C00502","R043","3","product_name","수제 마카롱","마카롱","PRODUCT"
"C00503","R043","3","category","스위트","디저트","CATEGORY"
"C00504","R043","3","quantity","1개","1","QUANTITY"
"C00505","R043","3","unit_price","2,800원","2800","MONEY"
"C00506","R043","3","discount","1,000원","1000","MONEY"
"C00507","R043","3","line_amount","1,800원","1800","MONEY"
"C00508","R043","4","quantity","1개","1","QUANTITY"
"C00509","R043","4","unit_price","3,500원","3500","MONEY"
"C00510","R043","4","discount","0원","0","MONEY"
"C00511","R043","4","line_amount","3,500원","3500","MONEY"
"C00512","R044","","date","2026년 9월 14일","2026-09-14","DATE"
"C00513","R044","","time","1248","12:48","TIME"
"C00514","R044","","store","ONDAM CAFE","카페 온담","STORE"
"C00515","R044","","payment_method","삼성카드","카드","PAYMENT"
"C00516","R044","","receipt_amount","7,000","7000","MONEY"
"C00517","R044","1","product_name","EARL GREY TEA","얼그레이티","PRODUCT"
"C00518","R044","1","category","Tea","차","CATEGORY"
"C00519","R044","1","unit_price","4,500","4500","MONEY"
"C00520","R044","1","discount","1,000","1000","MONEY"
"C00521","R044","1","line_amount","3,500","3500","MONEY"
"C00522","R044","2","product_name","소금 빵","소금빵","PRODUCT"
"C00523","R044","2","category","빵","베이커리","CATEGORY"
"C00524","R044","2","unit_price","3,500","3500","MONEY"
"C00525","R044","2","line_amount","3,500","3500","MONEY"
"C00526","R045","","date","14 Sep 2026","2026-09-14","DATE"
"C00527","R045","","time","13:54:00","13:54","TIME"
"C00528","R045","","store","온담 카페","카페 온담","STORE"
"C00529","R045","","receipt_amount","KRW 13000","13000","MONEY"
"C00530","R045","1","product_name","아이스아메리카노","아이스 아메리카노","PRODUCT"
"C00531","R045","1","category","음료-커피","커피","CATEGORY"
"C00532","R045","1","unit_price","KRW 4500","4500","MONEY"
"C00533","R045","1","discount","KRW 0","0","MONEY"
"C00534","R045","1","line_amount","KRW 9000","9000","MONEY"
"C00535","R045","2","unit_price","KRW 5000","5000","MONEY"
"C00536","R045","2","discount","KRW 1000","1000","MONEY"
"C00537","R045","2","line_amount","KRW 4000","4000","MONEY"
"C00538","R046","","payment_method","CARD","카드","PAYMENT"
"C00539","R046","2","product_name","HAM CHEESE SANDWICH","햄치즈샌드위치","PRODUCT"
"C00540","R046","2","category","","식사","CATEGORY_FILL"
"C00541","R047","","date","09/14/2026","2026-09-14","DATE"
"C00542","R047","","time","03:51 PM","15:51","TIME"
"C00543","R047","","store","ONDAM CAFE","카페 온담","STORE"
"C00544","R047","","payment_method","신용카드","카드","PAYMENT"
"C00545","R047","","receipt_amount","₩12,000","12000","MONEY"
"C00546","R047","1","product_name","VANILLA LATTE","바닐라라떼","PRODUCT"
"C00547","R047","1","category","Coffee","커피","CATEGORY"
"C00548","R047","1","unit_price","₩5,500","5500","MONEY"
"C00549","R047","1","discount","₩0","0","MONEY"
"C00550","R047","1","line_amount","₩5,500","5500","MONEY"
"C00551","R047","2","product_name","치즈 케이크","치즈케이크","PRODUCT"
"C00552","R047","2","category","스위트","디저트","CATEGORY"
"C00553","R047","2","unit_price","₩6,500","6500","MONEY"
"C00554","R047","2","discount","₩0","0","MONEY"
"C00555","R047","2","line_amount","₩6,500","6500","MONEY"
"C00556","R048","","date","2026.09.14","2026-09-14","DATE"
"C00557","R048","","time","18시 36분","18:36","TIME"
"C00558","R048","","store","온담 카페","카페 온담","STORE"
"C00559","R048","","payment_method","삼성카드","카드","PAYMENT"
"C00560","R048","","receipt_amount","4,500원","4500","MONEY"
"C00561","R048","1","product_name","얼그레이 티","얼그레이티","PRODUCT"
"C00562","R048","1","category","티","차","CATEGORY"
"C00563","R048","1","quantity","1개","1","QUANTITY"
"C00564","R048","1","unit_price","4,500원","4500","MONEY"
"C00565","R048","1","discount","0원","0","MONEY"
"C00566","R048","1","line_amount","4,500원","4500","MONEY"
"C00567","R049","","date","2026년 9월 15일","2026-09-15","DATE"
"C00568","R049","","time","0850","08:50","TIME"
"C00569","R049","","receipt_amount","16,200","16200","MONEY"
"C00570","R049","1","unit_price","4,500","4500","MONEY"
"C00571","R049","1","line_amount","8,700","8700","MONEY"
"C00572","R049","2","product_name","HAM CHEESE SANDWICH","햄치즈샌드위치","PRODUCT"
"C00573","R049","2","category","Meal","식사","CATEGORY"
"C00574","R049","2","unit_price","7,500","7500","MONEY"
"C00575","R049","2","line_amount","7,500","7500","MONEY"
"C00576","R050","","date","15 Sep 2026","2026-09-15","DATE"
"C00577","R050","","time","12:36:00","12:36","TIME"
"C00578","R050","","store","ONDAM CAFE","카페 온담","STORE"
"C00579","R050","","payment_method","CARD","카드","PAYMENT"
"C00580","R050","","receipt_amount","KRW 10000","10000","MONEY"
"C00581","R050","1","product_name","VANILLA LATTE","바닐라라떼","PRODUCT"
"C00582","R050","1","category","Coffee","커피","CATEGORY"
"C00583","R050","1","unit_price","KRW 5500","5500","MONEY"
"C00584","R050","1","discount","KRW 0","0","MONEY"
"C00585","R050","1","line_amount","KRW 5500","5500","MONEY"
"C00586","R050","2","product_name","아이스아메리카노","아이스 아메리카노","PRODUCT"
"C00587","R050","2","category","음료-커피","커피","CATEGORY"
"C00588","R050","2","unit_price","KRW 4500","4500","MONEY"
"C00589","R050","2","discount","KRW 0","0","MONEY"
"C00590","R050","2","line_amount","KRW 4500","4500","MONEY"
"C00591","R051","","store","온담 카페","카페 온담","STORE"
"C00592","R051","","payment_method","NAVER PAY","간편결제","PAYMENT"
"C00593","R051","1","product_name","말차 라떼","말차라떼","PRODUCT"
"C00594","R051","1","category","기타 음료","음료","CATEGORY"
"C00595","R052","","date","09/15/2026","2026-09-15","DATE"
"C00596","R052","","time","06:22 PM","18:22","TIME"
"C00597","R052","","payment_method","삼성카드","카드","PAYMENT"
"C00598","R052","","receipt_amount","₩10,000","10000","MONEY"
"C00599","R052","1","unit_price","₩5,000","5000","MONEY"
"C00600","R052","1","discount","₩0","0","MONEY"
"C00601","R052","1","line_amount","₩5,000","5000","MONEY"
"C00602","R052","2","product_name","LEMON ADE","레몬에이드","PRODUCT"
"C00603","R052","2","category","Beverage","음료","CATEGORY"
"C00604","R052","2","unit_price","₩6,000","6000","MONEY"
"C00605","R052","2","discount","₩1,000","1000","MONEY"
"C00606","R052","2","line_amount","₩5,000","5000","MONEY"
"C00607","R053","","date","2026.09.15","2026-09-15","DATE"
"C00608","R053","","time","19시 33분","19:33","TIME"
"C00609","R053","","store","ONDAM CAFE","카페 온담","STORE"
"C00610","R053","","receipt_amount","21,200원","21200","MONEY"
"C00611","R053","1","product_name","VANILLA LATTE","바닐라라떼","PRODUCT"
"C00612","R053","1","category","Coffee","커피","CATEGORY"
"C00613","R053","1","quantity","1개","1","QUANTITY"
"C00614","R053","1","unit_price","5,500원","5500","MONEY"
"C00615","R053","1","discount","300원","300","MONEY"
"C00616","R053","1","line_amount","5,200원","5200","MONEY"
"C00617","R053","2","product_name","치킨 샌드위치","치킨샌드위치","PRODUCT"
"C00618","R053","2","category","샌드위치류","식사","CATEGORY"
"C00619","R053","2","quantity","1개","1","QUANTITY"
"C00620","R053","2","unit_price","8,000원","8000","MONEY"
"C00621","R053","2","discount","0원","0","MONEY"
"C00622","R053","2","line_amount","8,000원","8000","MONEY"
"C00623","R053","3","quantity","2개","2","QUANTITY"
"C00624","R053","3","unit_price","4,000원","4000","MONEY"
"C00625","R053","3","discount","0원","0","MONEY"
"C00626","R053","3","line_amount","8,000원","8000","MONEY"
"C00627","R054","","date","2026년 9월 16일","2026-09-16","DATE"
"C00628","R054","","time","1337","13:37","TIME"
"C00629","R054","","store","온담 카페","카페 온담","STORE"
"C00630","R054","","payment_method","현금결제","현금","PAYMENT"
"C00631","R054","","receipt_amount","21,000","21000","MONEY"
"C00632","R054","1","product_name","얼그레이 티","얼그레이티","PRODUCT"
"C00633","R054","1","category","티","차","CATEGORY"
"C00634","R054","1","unit_price","4,500","4500","MONEY"
"C00635","R054","1","line_amount","9,000","9000","MONEY"
"C00636","R054","2","unit_price","6,500","6500","MONEY"
"C00637","R054","2","line_amount","6,500","6500","MONEY"
"C00638","R054","3","product_name","CHOCOLATE LATTE","초콜릿라떼","PRODUCT"
"C00639","R054","3","category","Beverage","음료","CATEGORY"
"C00640","R054","3","unit_price","5,500","5500","MONEY"
"C00641","R054","3","line_amount","5,500","5500","MONEY"
"C00642","R055","","date","16 Sep 2026","2026-09-16","DATE"
"C00643","R055","","time","17:28:00","17:28","TIME"
"C00644","R055","","payment_method","신용카드","카드","PAYMENT"
"C00645","R055","","receipt_amount","KRW 14300","14300","MONEY"
"C00646","R055","1","unit_price","KRW 5000","5000","MONEY"
"C00647","R055","1","discount","KRW 0","0","MONEY"
"C00648","R055","1","line_amount","KRW 5000","5000","MONEY"
"C00649","R055","2","product_name","ICE AMERICANO","아이스 아메리카노","PRODUCT"
"C00650","R055","2","category","","커피","CATEGORY_FILL"
"C00651","R055","2","unit_price","KRW 4500","4500","MONEY"
"C00652","R055","2","discount","KRW 0","0","MONEY"
"C00653","R055","2","line_amount","KRW 4500","4500","MONEY"
"C00654","R055","3","product_name","초콜릿 브라우니","초콜릿브라우니","PRODUCT"
"C00655","R055","3","category","스위트","디저트","CATEGORY"
"C00656","R055","3","unit_price","KRW 4800","4800","MONEY"
"C00657","R055","3","discount","KRW 0","0","MONEY"
"C00658","R055","3","line_amount","KRW 4800","4800","MONEY"
"C00659","R056","","store","ONDAM CAFE","카페 온담","STORE"
"C00660","R056","","payment_method","삼성카드","카드","PAYMENT"
"C00661","R056","1","product_name","ICE AMERICANO","아이스 아메리카노","PRODUCT"
"C00662","R056","1","category","Coffee","커피","CATEGORY"
"C00663","R056","2","product_name","초콜릿 브라우니","초콜릿브라우니","PRODUCT"
"C00664","R056","2","category","스위트","디저트","CATEGORY"
"C00665","R057","","date","09/18/2026","2026-09-18","DATE"
"C00666","R057","","time","01:41 PM","13:41","TIME"
"C00667","R057","","store","온담 카페","카페 온담","STORE"
"C00668","R057","","receipt_amount","₩5,500","5500","MONEY"
"C00669","R057","1","product_name","바닐라 라떼","바닐라라떼","PRODUCT"
"C00670","R057","1","category","음료-커피","커피","CATEGORY"
"C00671","R057","1","unit_price","₩5,500","5500","MONEY"
"C00672","R057","1","discount","₩0","0","MONEY"
"C00673","R057","1","line_amount","₩5,500","5500","MONEY"
"C00674","R058","","date","2026.09.18","2026-09-18","DATE"
"C00675","R058","","time","16시 39분","16:39","TIME"
"C00676","R058","","receipt_amount","29,000원","29000","MONEY"
"C00677","R058","1","quantity","1개","1","QUANTITY"
"C00678","R058","1","unit_price","6,000원","6000","MONEY"
"C00679","R058","1","discount","0원","0","MONEY"
"C00680","R058","1","line_amount","6,000원","6000","MONEY"
"C00681","R058","2","product_name","CAFE LATTE","카페라떼","PRODUCT"
"C00682","R058","2","category","Coffee","커피","CATEGORY"
"C00683","R058","2","quantity","2개","2","QUANTITY"
"C00684","R058","2","unit_price","5,000원","5000","MONEY"
"C00685","R058","2","discount","0원","0","MONEY"
"C00686","R058","2","line_amount","10,000원","10000","MONEY"
"C00687","R058","3","product_name","치즈 케이크","치즈케이크","PRODUCT"
"C00688","R058","3","category","스위트","디저트","CATEGORY"
"C00689","R058","3","quantity","2개","2","QUANTITY"
"C00690","R058","3","unit_price","6,500원","6500","MONEY"
"C00691","R058","3","discount","0원","0","MONEY"
"C00692","R058","3","line_amount","13,000원","13000","MONEY"
"C00693","R059","","date","2026년 9월 18일","2026-09-18","DATE"
"C00694","R059","","time","1945","19:45","TIME"
"C00695","R059","","store","ONDAM CAFE","카페 온담","STORE"
"C00696","R059","","payment_method","CASH","현금","PAYMENT"
"C00697","R059","","receipt_amount","23,500","23500","MONEY"
"C00698","R059","1","product_name","ICE AMERICANO","아이스 아메리카노","PRODUCT"
"C00699","R059","1","category","Coffee","커피","CATEGORY"
"C00700","R059","1","unit_price","4,500","4500","MONEY"
"C00701","R059","1","line_amount","4,500","4500","MONEY"
"C00702","R059","2","product_name","소금 빵","소금빵","PRODUCT"
"C00703","R059","2","category","빵","베이커리","CATEGORY"
"C00704","R059","2","unit_price","3,500","3500","MONEY"
"C00705","R059","2","line_amount","7,000","7000","MONEY"
"C00706","R059","3","unit_price","6,000","6000","MONEY"
"C00707","R059","3","line_amount","12,000","12000","MONEY"
"C00708","R060","","date","19 Sep 2026","2026-09-19","DATE"
"C00709","R060","","time","13:10:00","13:10","TIME"
"C00710","R060","","store","온담 카페","카페 온담","STORE"
"C00711","R060","","payment_method","삼성카드","카드","PAYMENT"
"C00712","R060","","receipt_amount","KRW 11000","11000","MONEY"
"C00713","R060","1","product_name","핫 아메리카노","따뜻한 아메리카노","PRODUCT"
"C00714","R060","1","category","음료-커피","커피","CATEGORY"
"C00715","R060","1","unit_price","KRW 4500","4500","MONEY"
"C00716","R060","1","discount","KRW 0","0","MONEY"
"C00717","R060","1","line_amount","KRW 4500","4500","MONEY"
"C00718","R060","2","unit_price","KRW 6500","6500","MONEY"
"C00719","R060","2","discount","KRW 0","0","MONEY"
"C00720","R060","2","line_amount","KRW 6500","6500","MONEY"
"C00721","R061","2","product_name","CHOCOLATE BROWNIE","초콜릿브라우니","PRODUCT"
"C00722","R061","2","category","Dessert","디저트","CATEGORY"
"C00723","R062","","date","09/19/2026","2026-09-19","DATE"
"C00724","R062","","time","02:02 PM","14:02","TIME"
"C00725","R062","","store","ONDAM CAFE","카페 온담","STORE"
"C00726","R062","","payment_method","CASH","현금","PAYMENT"
"C00727","R062","","receipt_amount","₩17,000","17000","MONEY"
"C00728","R062","1","product_name","LEMON ADE","레몬에이드","PRODUCT"
"C00729","R062","1","category","Beverage","음료","CATEGORY"
"C00730","R062","1","unit_price","₩6,000","6000","MONEY"
"C00731","R062","1","discount","₩0","0","MONEY"
"C00732","R062","1","line_amount","₩6,000","6000","MONEY"
"C00733","R062","2","product_name","초콜릿 라떼","초콜릿라떼","PRODUCT"
"C00734","R062","2","category","기타 음료","음료","CATEGORY"
"C00735","R062","2","unit_price","₩5,500","5500","MONEY"
"C00736","R062","2","discount","₩0","0","MONEY"
"C00737","R062","2","line_amount","₩11,000","11000","MONEY"
"C00738","R063","","date","2026.09.19","2026-09-19","DATE"
"C00739","R063","","time","14시 26분","14:26","TIME"
"C00740","R063","","store","온담 카페","카페 온담","STORE"
"C00741","R063","","payment_method","신용카드","카드","PAYMENT"
"C00742","R063","","receipt_amount","17,500원","17500","MONEY"
"C00743","R063","1","product_name","레몬 에이드","레몬에이드","PRODUCT"
"C00744","R063","1","category","기타 음료","음료","CATEGORY"
"C00745","R063","1","quantity","2개","2","QUANTITY"
"C00746","R063","1","unit_price","6,000원","6000","MONEY"
"C00747","R063","1","discount","0원","0","MONEY"
"C00748","R063","1","line_amount","12,000원","12000","MONEY"
"C00749","R063","2","category","","커피","CATEGORY_FILL"
"C00750","R063","2","quantity","1개","1","QUANTITY"
"C00751","R063","2","unit_price","5,500원","5500","MONEY"
"C00752","R063","2","discount","0원","0","MONEY"
"C00753","R063","2","line_amount","5,500원","5500","MONEY"
"C00754","R064","","date","2026년 9월 19일","2026-09-19","DATE"
"C00755","R064","","payment_method","카카오페이","간편결제","PAYMENT"
"C00756","R064","","time","","","MISSING_TIME"
"C00757","R064","","receipt_amount","17,800","17800","MONEY"
"C00758","R064","1","unit_price","4,500","4500","MONEY"
"C00759","R064","1","line_amount","9,000","9000","MONEY"
"C00760","R064","2","product_name","CROISSANT","크루아상","PRODUCT"
"C00761","R064","2","category","Bakery","베이커리","CATEGORY"
"C00762","R064","2","unit_price","4,000","4000","MONEY"
"C00763","R064","2","line_amount","4,000","4000","MONEY"
"C00764","R064","3","product_name","초콜릿 브라우니","초콜릿브라우니","PRODUCT"
"C00765","R064","3","category","스위트","디저트","CATEGORY"
"C00766","R064","3","unit_price","4,800","4800","MONEY"
"C00767","R064","3","line_amount","4,800","4800","MONEY"
"C00768","R065","","date","19 Sep 2026","2026-09-19","DATE"
"C00769","R065","","time","20:58:00","20:58","TIME"
"C00770","R065","","store","ONDAM CAFE","카페 온담","STORE"
"C00771","R065","","receipt_amount","KRW 22000","22000","MONEY"
"C00772","R065","1","product_name","CAFE LATTE","카페라떼","PRODUCT"
"C00773","R065","1","category","Coffee","커피","CATEGORY"
"C00774","R065","1","unit_price","KRW 5000","5000","MONEY"
"C00775","R065","1","discount","KRW 0","0","MONEY"
"C00776","R065","1","line_amount","KRW 10000","10000","MONEY"
"C00777","R065","2","product_name","치킨 샌드위치","치킨샌드위치","PRODUCT"
"C00778","R065","2","category","샌드위치류","식사","CATEGORY"
"C00779","R065","2","unit_price","KRW 8000","8000","MONEY"
"C00780","R065","2","discount","KRW 0","0","MONEY"
"C00781","R065","2","line_amount","KRW 8000","8000","MONEY"
"C00782","R065","3","unit_price","KRW 4000","4000","MONEY"
"C00783","R065","3","discount","KRW 0","0","MONEY"
"C00784","R065","3","line_amount","KRW 4000","4000","MONEY"
"C00785","R066","","store","온담 카페","카페 온담","STORE"
"C00786","R066","","payment_method","CARD","카드","PAYMENT"
"C00787","R066","1","product_name","바닐라 라떼","바닐라라떼","PRODUCT"
"C00788","R066","1","category","음료-커피","커피","CATEGORY"
"C00789","R066","3","product_name","CROISSANT","크루아상","PRODUCT"
"C00790","R066","3","category","Bakery","베이커리","CATEGORY"
"C00791","R067","","date","09/20/2026","2026-09-20","DATE"
"C00792","R067","","time","11:54 AM","11:54","TIME"
"C00793","R067","","payment_method","NAVER PAY","간편결제","PAYMENT"
"C00794","R067","","receipt_amount","₩9,700","9700","MONEY"
"C00795","R067","1","unit_price","₩4,500","4500","MONEY"
"C00796","R067","1","discount","₩300","300","MONEY"
"C00797","R067","1","line_amount","₩4,200","4200","MONEY"
"C00798","R067","2","product_name","CHOCOLATE LATTE","초콜릿라떼","PRODUCT"
"C00799","R067","2","category","Beverage","음료","CATEGORY"
"C00800","R067","2","unit_price","₩5,500","5500","MONEY"
"C00801","R067","2","discount","₩0","0","MONEY"
"C00802","R067","2","line_amount","₩5,500","5500","MONEY"
"C00803","R068","","date","2026.09.20","2026-09-20","DATE"
"C00804","R068","","time","13시 58분","13:58","TIME"
"C00805","R068","","store","ONDAM CAFE","카페 온담","STORE"
"C00806","R068","","payment_method","삼성카드","카드","PAYMENT"
"C00807","R068","","receipt_amount","13,000원","13000","MONEY"
"C00808","R068","1","product_name","CAFE LATTE","카페라떼","PRODUCT"
"C00809","R068","1","category","Coffee","커피","CATEGORY"
"C00810","R068","1","quantity","1개","1","QUANTITY"
"C00811","R068","1","unit_price","5,000원","5000","MONEY"
"C00812","R068","1","discount","0원","0","MONEY"
"C00813","R068","1","line_amount","5,000원","5000","MONEY"
"C00814","R068","2","product_name","치킨 샌드위치","치킨샌드위치","PRODUCT"
"C00815","R068","2","category","샌드위치류","식사","CATEGORY"
"C00816","R068","2","quantity","1개","1","QUANTITY"
"C00817","R068","2","unit_price","8,000원","8000","MONEY"
"C00818","R068","2","discount","0원","0","MONEY"
"C00819","R068","2","line_amount","8,000원","8000","MONEY"
"C00820","R069","","date","2026년 9월 20일","2026-09-20","DATE"
"C00821","R069","","time","1452","14:52","TIME"
"C00822","R069","","store","온담 카페","카페 온담","STORE"
"C00823","R069","","receipt_amount","9,000","9000","MONEY"
"C00824","R069","1","product_name","콜드 브루","콜드브루","PRODUCT"
"C00825","R069","1","category","음료-커피","커피","CATEGORY"
"C00826","R069","1","unit_price","5,500","5500","MONEY"
"C00827","R069","1","line_amount","5,500","5500","MONEY"
"C00828","R069","2","unit_price","3,500","3500","MONEY"
"C00829","R069","2","line_amount","3,500","3500","MONEY"
"C00830","R070","","date","20 Sep 2026","2026-09-20","DATE"
"C00831","R070","","time","15:26:00","15:26","TIME"
"C00832","R070","","payment_method","CARD","카드","PAYMENT"
"C00833","R070","","receipt_amount","KRW 4500","4500","MONEY"
"C00834","R070","1","unit_price","KRW 4500","4500","MONEY"
"C00835","R070","1","discount","KRW 0","0","MONEY"
"C00836","R070","1","line_amount","KRW 4500","4500","MONEY"
"C00837","R071","","store","ONDAM CAFE","카페 온담","STORE"
"C00838","R071","","payment_method","NAVER PAY","간편결제","PAYMENT"
"C00839","R071","1","product_name","CAFE LATTE","카페라떼","PRODUCT"
"C00840","R071","1","category","Coffee","커피","CATEGORY"
"C00841","R071","2","product_name","레몬 에이드","레몬에이드","PRODUCT"
"C00842","R071","2","category","기타 음료","음료","CATEGORY"
"C00843","R071","3","category","","베이커리","CATEGORY_FILL"
"C00844","R071","4","product_name","CHOCOLATE LATTE","초콜릿라떼","PRODUCT"
"C00845","R071","4","category","Beverage","음료","CATEGORY"
"C00846","R072","","date","09/21/2026","2026-09-21","DATE"
"C00847","R072","","time","11:24 AM","11:24","TIME"
"C00848","R072","","store","온담 카페","카페 온담","STORE"
"C00849","R072","","payment_method","삼성카드","카드","PAYMENT"
"C00850","R072","","receipt_amount","₩15,300","15300","MONEY"
"C00851","R072","1","product_name","핫 아메리카노","따뜻한 아메리카노","PRODUCT"
"C00852","R072","1","category","음료-커피","커피","CATEGORY"
"C00853","R072","1","unit_price","₩4,500","4500","MONEY"
"C00854","R072","1","discount","₩0","0","MONEY"
"C00855","R072","1","line_amount","₩9,000","9000","MONEY"
"C00856","R072","2","unit_price","₩2,800","2800","MONEY"
"C00857","R072","2","discount","₩0","0","MONEY"
"C00858","R072","2","line_amount","₩2,800","2800","MONEY"
"C00859","R072","3","product_name","SALT BREAD","소금빵","PRODUCT"
"C00860","R072","3","category","Bakery","베이커리","CATEGORY"
"C00861","R072","3","unit_price","₩3,500","3500","MONEY"
"C00862","R072","3","discount","₩0","0","MONEY"
"C00863","R072","3","line_amount","₩3,500","3500","MONEY"
"C00864","R073","","date","2026.09.21","2026-09-21","DATE"
"C00865","R073","","time","19시 35분","19:35","TIME"
"C00866","R073","","receipt_amount","15,500원","15500","MONEY"
"C00867","R073","1","quantity","1개","1","QUANTITY"
"C00868","R073","1","unit_price","5,500원","5500","MONEY"
"C00869","R073","1","discount","0원","0","MONEY"
"C00870","R073","1","line_amount","5,500원","5500","MONEY"
"C00871","R073","2","product_name","CAFE LATTE","카페라떼","PRODUCT"
"C00872","R073","2","category","Coffee","커피","CATEGORY"
"C00873","R073","2","quantity","2개","2","QUANTITY"
"C00874","R073","2","unit_price","5,000원","5000","MONEY"
"C00875","R073","2","discount","0원","0","MONEY"
"C00876","R073","2","line_amount","10,000원","10000","MONEY"
"C00877","R074","","date","2026년 9월 22일","2026-09-22","DATE"
"C00878","R074","","time","1507","15:07","TIME"
"C00879","R074","","store","ONDAM CAFE","카페 온담","STORE"
"C00880","R074","","payment_method","CASH","현금","PAYMENT"
"C00881","R074","","receipt_amount","15,200","15200","MONEY"
"C00882","R074","1","product_name","LEMON ADE","레몬에이드","PRODUCT"
"C00883","R074","1","category","Beverage","음료","CATEGORY"
"C00884","R074","1","unit_price","6,000","6000","MONEY"
"C00885","R074","1","line_amount","6,000","6000","MONEY"
"C00886","R074","2","product_name","카페 라떼","카페라떼","PRODUCT"
"C00887","R074","2","category","음료-커피","커피","CATEGORY"
"C00888","R074","2","unit_price","5,000","5000","MONEY"
"C00889","R074","2","line_amount","5,000","5000","MONEY"
"C00890","R074","3","unit_price","4,200","4200","MONEY"
"C00891","R074","3","line_amount","4,200","4200","MONEY"
"C00892","R075","","date","22 Sep 2026","2026-09-22","DATE"
"C00893","R075","","time","16:31:00","16:31","TIME"
"C00894","R075","","store","온담 카페","카페 온담","STORE"
"C00895","R075","","payment_method","","미확인","MISSING_PAYMENT"
"C00896","R075","","receipt_amount","KRW 16000","16000","MONEY"
"C00897","R075","1","product_name","카푸 치노","카푸치노","PRODUCT"
"C00898","R075","1","category","음료-커피","커피","CATEGORY"
"C00899","R075","1","unit_price","KRW 5000","5000","MONEY"
"C00900","R075","1","discount","KRW 0","0","MONEY"
"C00901","R075","1","line_amount","KRW 5000","5000","MONEY"
"C00902","R075","2","unit_price","KRW 6000","6000","MONEY"
"C00903","R075","2","discount","KRW 1000","1000","MONEY"
"C00904","R075","2","line_amount","KRW 5000","5000","MONEY"
"C00905","R075","3","product_name","GRAPEFRUIT ADE","자몽에이드","PRODUCT"
"C00906","R075","3","category","Beverage","음료","CATEGORY"
"C00907","R075","3","unit_price","KRW 6000","6000","MONEY"
"C00908","R075","3","discount","KRW 0","0","MONEY"
"C00909","R075","3","line_amount","KRW 6000","6000","MONEY"
"C00910","R076","","payment_method","카카오페이","간편결제","PAYMENT"
"C00911","R076","2","product_name","SALT BREAD","소금빵","PRODUCT"
"C00912","R076","2","category","Bakery","베이커리","CATEGORY"
"C00913","R077","","date","09/23/2026","2026-09-23","DATE"
"C00914","R077","","time","11:01 AM","11:01","TIME"
"C00915","R077","","store","ONDAM CAFE","카페 온담","STORE"
"C00916","R077","","receipt_amount","₩12,000","12000","MONEY"
"C00917","R077","1","product_name","ICE AMERICANO","아이스 아메리카노","PRODUCT"
"C00918","R077","1","category","Coffee","커피","CATEGORY"
"C00919","R077","1","unit_price","₩4,500","4500","MONEY"
"C00920","R077","1","discount","₩0","0","MONEY"
"C00921","R077","1","line_amount","₩4,500","4500","MONEY"
"C00922","R077","2","product_name","햄치즈 샌드위치","햄치즈샌드위치","PRODUCT"
"C00923","R077","2","category","샌드위치류","식사","CATEGORY"
"C00924","R077","2","unit_price","₩7,500","7500","MONEY"
"C00925","R077","2","discount","₩0","0","MONEY"
"C00926","R077","2","line_amount","₩7,500","7500","MONEY"
"C00927","R078","","date","2026.09.23","2026-09-23","DATE"
"C00928","R078","","time","20시 40분","20:40","TIME"
"C00929","R078","","store","온담 카페","카페 온담","STORE"
"C00930","R078","","payment_method","CARD","카드","PAYMENT"
"C00931","R078","","receipt_amount","12,000원","12000","MONEY"
"C00932","R078","1","product_name","레몬 에이드","레몬에이드","PRODUCT"
"C00933","R078","1","category","기타 음료","음료","CATEGORY"
"C00934","R078","1","quantity","1개","1","QUANTITY"
"C00935","R078","1","unit_price","6,000원","6000","MONEY"
"C00936","R078","1","discount","0원","0","MONEY"
"C00937","R078","1","line_amount","6,000원","6000","MONEY"
"C00938","R078","2","quantity","1개","1","QUANTITY"
"C00939","R078","2","unit_price","6,000원","6000","MONEY"
"C00940","R078","2","discount","0원","0","MONEY"
"C00941","R078","2","line_amount","6,000원","6000","MONEY"
"C00942","R079","","date","2026년 9월 24일","2026-09-24","DATE"
"C00943","R079","","time","1301","13:01","TIME"
"C00944","R079","","payment_method","신용카드","카드","PAYMENT"
"C00945","R079","","receipt_amount","16,200","16200","MONEY"
"C00946","R079","1","category","","커피","CATEGORY_FILL"
"C00947","R079","1","unit_price","4,500","4500","MONEY"
"C00948","R079","1","line_amount","4,500","4500","MONEY"
"C00949","R079","2","product_name","BLUEBERRY MUFFIN","블루베리머핀","PRODUCT"
"C00950","R079","2","category","Bakery","베이커리","CATEGORY"
"C00951","R079","2","unit_price","4,200","4200","MONEY"
"C00952","R079","2","line_amount","4,200","4200","MONEY"
"C00953","R079","3","product_name","햄치즈 샌드위치","햄치즈샌드위치","PRODUCT"
"C00954","R079","3","category","샌드위치류","식사","CATEGORY"
"C00955","R079","3","unit_price","7,500","7500","MONEY"
"C00956","R079","3","line_amount","7,500","7500","MONEY"
"C00957","R080","","date","24 Sep 2026","2026-09-24","DATE"
"C00958","R080","","time","19:00:00","19:00","TIME"
"C00959","R080","","store","ONDAM CAFE","카페 온담","STORE"
"C00960","R080","","payment_method","카카오페이","간편결제","PAYMENT"
"C00961","R080","","receipt_amount","KRW 23000","23000","MONEY"
"C00962","R080","1","product_name","EARL GREY TEA","얼그레이티","PRODUCT"
"C00963","R080","1","category","Tea","차","CATEGORY"
"C00964","R080","1","unit_price","KRW 4500","4500","MONEY"
"C00965","R080","1","discount","KRW 0","0","MONEY"
"C00966","R080","1","line_amount","KRW 4500","4500","MONEY"
"C00967","R080","2","product_name","바닐라 라떼","바닐라라떼","PRODUCT"
"C00968","R080","2","category","음료-커피","커피","CATEGORY"
"C00969","R080","2","unit_price","KRW 5500","5500","MONEY"
"C00970","R080","2","discount","KRW 0","0","MONEY"
"C00971","R080","2","line_amount","KRW 11000","11000","MONEY"
"C00972","R080","3","unit_price","KRW 7500","7500","MONEY"
"C00973","R080","3","discount","KRW 0","0","MONEY"
"C00974","R080","3","line_amount","KRW 7500","7500","MONEY"
"C00975","R081","","store","온담 카페","카페 온담","STORE"
"C00976","R081","1","product_name","아이스아메리카노","아이스 아메리카노","PRODUCT"
"C00977","R081","1","category","음료-커피","커피","CATEGORY"
"C00978","R082","","date","09/25/2026","2026-09-25","DATE"
"C00979","R082","","time","09:39 AM","09:39","TIME"
"C00980","R082","","payment_method","KAKAO PAY","간편결제","PAYMENT"
"C00981","R082","","receipt_amount","₩20,500","20500","MONEY"
"C00982","R082","1","unit_price","₩5,000","5000","MONEY"
"C00983","R082","1","discount","₩0","0","MONEY"
"C00984","R082","1","line_amount","₩5,000","5000","MONEY"
"C00985","R082","2","product_name","CAFE LATTE","카페라떼","PRODUCT"
"C00986","R082","2","category","Coffee","커피","CATEGORY"
"C00987","R082","2","unit_price","₩5,000","5000","MONEY"
"C00988","R082","2","discount","₩500","500","MONEY"
"C00989","R082","2","line_amount","₩4,500","4500","MONEY"
"C00990","R082","3","product_name","초콜릿 라떼","초콜릿라떼","PRODUCT"
"C00991","R082","3","category","기타 음료","음료","CATEGORY"
"C00992","R082","3","unit_price","₩5,500","5500","MONEY"
"C00993","R082","3","discount","₩0","0","MONEY"
"C00994","R082","3","line_amount","₩11,000","11000","MONEY"
"C00995","R083","","date","2026.09.25","2026-09-25","DATE"
"C00996","R083","","time","13시 40분","13:40","TIME"
"C00997","R083","","store","ONDAM CAFE","카페 온담","STORE"
"C00998","R083","","payment_method","신용카드","카드","PAYMENT"
"C00999","R083","","receipt_amount","8,700원","8700","MONEY"
"C01000","R083","1","product_name","ICE AMERICANO","아이스 아메리카노","PRODUCT"
"C01001","R083","1","category","Coffee","커피","CATEGORY"
"C01002","R083","1","quantity","1개","1","QUANTITY"
"C01003","R083","1","unit_price","4,500원","4500","MONEY"
"C01004","R083","1","discount","0원","0","MONEY"
"C01005","R083","1","line_amount","4,500원","4500","MONEY"
"C01006","R083","2","product_name","블루베리 머핀","블루베리머핀","PRODUCT"
"C01007","R083","2","category","빵","베이커리","CATEGORY"
"C01008","R083","2","quantity","1개","1","QUANTITY"
"C01009","R083","2","unit_price","4,200원","4200","MONEY"
"C01010","R083","2","discount","0원","0","MONEY"
"C01011","R083","2","line_amount","4,200원","4200","MONEY"
"C01012","R084","","date","2026년 9월 25일","2026-09-25","DATE"
"C01013","R084","","time","1515","15:15","TIME"
"C01014","R084","","store","온담 카페","카페 온담","STORE"
"C01015","R084","","payment_method","삼성카드","카드","PAYMENT"
"C01016","R084","","receipt_amount","9,000","9000","MONEY"
"C01017","R084","1","product_name","아이스아메리카노","아이스 아메리카노","PRODUCT"
"C01018","R084","1","category","음료-커피","커피","CATEGORY"
"C01019","R084","1","unit_price","4,500","4500","MONEY"
"C01020","R084","1","line_amount","9,000","9000","MONEY"
"C01021","R085","","date","26 Sep 2026","2026-09-26","DATE"
"C01022","R085","","time","","","MISSING_TIME"
"C01023","R085","","receipt_amount","KRW 10500","10500","MONEY"
"C01024","R085","1","unit_price","KRW 5000","5000","MONEY"
"C01025","R085","1","discount","KRW 0","0","MONEY"
"C01026","R085","1","line_amount","KRW 5000","5000","MONEY"
"C01027","R085","2","product_name","VANILLA LATTE","바닐라라떼","PRODUCT"
"C01028","R085","2","category","Coffee","커피","CATEGORY"
"C01029","R085","2","unit_price","KRW 5500","5500","MONEY"
"C01030","R085","2","discount","KRW 0","0","MONEY"
"C01031","R085","2","line_amount","KRW 5500","5500","MONEY"
"C01032","R086","","store","ONDAM CAFE","카페 온담","STORE"
"C01033","R086","","payment_method","CARD","카드","PAYMENT"
"C01034","R086","1","product_name","EARL GREY TEA","얼그레이티","PRODUCT"
"C01035","R086","1","category","Tea","차","CATEGORY"
"C01036","R086","2","product_name","햄치즈 샌드위치","햄치즈샌드위치","PRODUCT"
"C01037","R086","2","category","샌드위치류","식사","CATEGORY"
"C01038","R087","","date","09/26/2026","2026-09-26","DATE"
"C01039","R087","","time","03:45 PM","15:45","TIME"
"C01040","R087","","store","온담 카페","카페 온담","STORE"
"C01041","R087","","payment_method","신용카드","카드","PAYMENT"
"C01042","R087","","receipt_amount","₩10,300","10300","MONEY"
"C01043","R087","1","product_name","캐모마일 티","캐모마일티","PRODUCT"
"C01044","R087","1","category","티","차","CATEGORY"
"C01045","R087","1","unit_price","₩4,500","4500","MONEY"
"C01046","R087","1","discount","₩0","0","MONEY"
"C01047","R087","1","line_amount","₩4,500","4500","MONEY"
"C01048","R087","2","category","","음료","CATEGORY_FILL"
"C01049","R087","2","unit_price","₩5,800","5800","MONEY"
"C01050","R087","2","discount","₩0","0","MONEY"
"C01051","R087","2","line_amount","₩5,800","5800","MONEY"
"C01052","R088","","date","2026.09.26","2026-09-26","DATE"
"C01053","R088","","time","18시 14분","18:14","TIME"
"C01054","R088","","payment_method","삼성카드","카드","PAYMENT"
"C01055","R088","","receipt_amount","24,700원","24700","MONEY"
"C01056","R088","1","quantity","2개","2","QUANTITY"
"C01057","R088","1","unit_price","4,500원","4500","MONEY"
"C01058","R088","1","discount","0원","0","MONEY"
"C01059","R088","1","line_amount","9,000원","9000","MONEY"
"C01060","R088","2","product_name","CAFE LATTE","카페라떼","PRODUCT"
"C01061","R088","2","category","Coffee","커피","CATEGORY"
"C01062","R088","2","quantity","1개","1","QUANTITY"
"C01063","R088","2","unit_price","5,000원","5000","MONEY"
"C01064","R088","2","discount","500원","500","MONEY"
"C01065","R088","2","line_amount","4,500원","4500","MONEY"
"C01066","R088","3","product_name","레몬 에이드","레몬에이드","PRODUCT"
"C01067","R088","3","category","기타 음료","음료","CATEGORY"
"C01068","R088","3","quantity","1개","1","QUANTITY"
"C01069","R088","3","unit_price","6,000원","6000","MONEY"
"C01070","R088","3","discount","300원","300","MONEY"
"C01071","R088","3","line_amount","5,700원","5700","MONEY"
"C01072","R088","4","quantity","1개","1","QUANTITY"
"C01073","R088","4","unit_price","5,500원","5500","MONEY"
"C01074","R088","4","discount","0원","0","MONEY"
"C01075","R088","4","line_amount","5,500원","5500","MONEY"
"C01076","R089","","date","2026년 9월 26일","2026-09-26","DATE"
"C01077","R089","","time","1937","19:37","TIME"
"C01078","R089","","store","ONDAM CAFE","카페 온담","STORE"
"C01079","R089","","payment_method","CASH","현금","PAYMENT"
"C01080","R089","","receipt_amount","12,500","12500","MONEY"
"C01081","R089","1","product_name","HOT AMERICANO","따뜻한 아메리카노","PRODUCT"
"C01082","R089","1","category","Coffee","커피","CATEGORY"
"C01083","R089","1","unit_price","4,500","4500","MONEY"
"C01084","R089","1","line_amount","4,500","4500","MONEY"
"C01085","R089","2","product_name","치킨 샌드위치","치킨샌드위치","PRODUCT"
"C01086","R089","2","category","샌드위치류","식사","CATEGORY"
"C01087","R089","2","unit_price","8,000","8000","MONEY"
"C01088","R089","2","line_amount","8,000","8000","MONEY"
"C01089","R090","","date","26 Sep 2026","2026-09-26","DATE"
"C01090","R090","","time","20:51:00","20:51","TIME"
"C01091","R090","","store","온담 카페","카페 온담","STORE"
"C01092","R090","","payment_method","KAKAO PAY","간편결제","PAYMENT"
"C01093","R090","","receipt_amount","KRW 9300","9300","MONEY"
"C01094","R090","1","product_name","아이스아메리카노","아이스 아메리카노","PRODUCT"
"C01095","R090","1","category","음료-커피","커피","CATEGORY"
"C01096","R090","1","unit_price","KRW 4500","4500","MONEY"
"C01097","R090","1","discount","KRW 0","0","MONEY"
"C01098","R090","1","line_amount","KRW 4500","4500","MONEY"
"C01099","R090","2","unit_price","KRW 4800","4800","MONEY"
"C01100","R090","2","discount","KRW 0","0","MONEY"
"C01101","R090","2","line_amount","KRW 4800","4800","MONEY"
"C01102","R091","","payment_method","신용카드","카드","PAYMENT"
"C01103","R091","2","product_name","LEMON ADE","레몬에이드","PRODUCT"
"C01104","R091","2","category","Beverage","음료","CATEGORY"
"C01105","R091","3","product_name","바닐라 라떼","바닐라라떼","PRODUCT"
"C01106","R091","3","category","음료-커피","커피","CATEGORY"
"C01107","R092","","date","09/27/2026","2026-09-27","DATE"
"C01108","R092","","time","12:29 PM","12:29","TIME"
"C01109","R092","","store","ONDAM CAFE","카페 온담","STORE"
"C01110","R092","","payment_method","삼성카드","카드","PAYMENT"
"C01111","R092","","receipt_amount","₩12,300","12300","MONEY"
"C01112","R092","1","product_name","MATCHA LATTE","말차라떼","PRODUCT"
"C01113","R092","1","category","Beverage","음료","CATEGORY"
"C01114","R092","1","unit_price","₩5,800","5800","MONEY"
"C01115","R092","1","discount","₩0","0","MONEY"
"C01116","R092","1","line_amount","₩5,800","5800","MONEY"
"C01117","R092","2","product_name","치즈 케이크","치즈케이크","PRODUCT"
"C01118","R092","2","category","스위트","디저트","CATEGORY"
"C01119","R092","2","unit_price","₩6,500","6500","MONEY"
"C01120","R092","2","discount","₩0","0","MONEY"
"C01121","R092","2","line_amount","₩6,500","6500","MONEY"
"C01122","R093","","date","2026.09.27","2026-09-27","DATE"
"C01123","R093","","time","17시 45분","17:45","TIME"
"C01124","R093","","store","온담 카페","카페 온담","STORE"
"C01125","R093","","receipt_amount","5,500원","5500","MONEY"
"C01126","R093","1","product_name","바닐라 라떼","바닐라라떼","PRODUCT"
"C01127","R093","1","category","음료-커피","커피","CATEGORY"
"C01128","R093","1","quantity","1개","1","QUANTITY"
"C01129","R093","1","unit_price","5,500원","5500","MONEY"
"C01130","R093","1","discount","0원","0","MONEY"
"C01131","R093","1","line_amount","5,500원","5500","MONEY"
"C01132","R094","","date","2026년 9월 28일","2026-09-28","DATE"
"C01133","R094","","time","1052","10:52","TIME"
"C01134","R094","","payment_method","CARD","카드","PAYMENT"
"C01135","R094","","receipt_amount","16,800","16800","MONEY"
"C01136","R094","1","unit_price","5,800","5800","MONEY"
"C01137","R094","1","line_amount","5,800","5800","MONEY"
"C01138","R094","2","product_name","CHICKEN SANDWICH","치킨샌드위치","PRODUCT"
"C01139","R094","2","category","Meal","식사","CATEGORY"
"C01140","R094","2","unit_price","8,000","8000","MONEY"
"C01141","R094","2","line_amount","8,000","8000","MONEY"
"C01142","R094","3","product_name","버터 크루아상","크루아상","PRODUCT"
"C01143","R094","3","category","빵","베이커리","CATEGORY"
"C01144","R094","3","unit_price","4,000","4000","MONEY"
"C01145","R094","3","discount","1,000","1000","MONEY"
"C01146","R094","3","line_amount","3,000","3000","MONEY"
"C01147","R095","","date","28 Sep 2026","2026-09-28","DATE"
"C01148","R095","","time","13:30:00","13:30","TIME"
"C01149","R095","","store","ONDAM CAFE","카페 온담","STORE"
"C01150","R095","","payment_method","신용카드","카드","PAYMENT"
"C01151","R095","","receipt_amount","KRW 10300","10300","MONEY"
"C01152","R095","1","product_name","CHAMOMILE TEA","캐모마일티","PRODUCT"
"C01153","R095","1","category","Tea","차","CATEGORY"
"C01154","R095","1","unit_price","KRW 4500","4500","MONEY"
"C01155","R095","1","discount","KRW 0","0","MONEY"
"C01156","R095","1","line_amount","KRW 4500","4500","MONEY"
"C01157","R095","2","product_name","말차 라떼","말차라떼","PRODUCT"
"C01158","R095","2","category","","음료","CATEGORY_FILL"
"C01159","R095","2","unit_price","KRW 5800","5800","MONEY"
"C01160","R095","2","discount","KRW 0","0","MONEY"
"C01161","R095","2","line_amount","KRW 5800","5800","MONEY"
"C01162","R096","","store","온담 카페","카페 온담","STORE"
"C01163","R096","","payment_method","카카오페이","간편결제","PAYMENT"
"C01164","R096","1","product_name","핫 아메리카노","따뜻한 아메리카노","PRODUCT"
"C01165","R096","1","category","음료-커피","커피","CATEGORY"
"C01166","R097","","date","09/29/2026","2026-09-29","DATE"
"C01167","R097","","time","12:28 PM","12:28","TIME"
"C01168","R097","","receipt_amount","₩8,600","8600","MONEY"
"C01169","R097","1","unit_price","₩5,800","5800","MONEY"
"C01170","R097","1","discount","₩0","0","MONEY"
"C01171","R097","1","line_amount","₩5,800","5800","MONEY"
"C01172","R097","2","product_name","MACARON","마카롱","PRODUCT"
"C01173","R097","2","category","Dessert","디저트","CATEGORY"
"C01174","R097","2","unit_price","₩2,800","2800","MONEY"
"C01175","R097","2","discount","₩0","0","MONEY"
"C01176","R097","2","line_amount","₩2,800","2800","MONEY"
"C01177","R098","","date","2026.09.29","2026-09-29","DATE"
"C01178","R098","","time","13시 01분","13:01","TIME"
"C01179","R098","","store","ONDAM CAFE","카페 온담","STORE"
"C01180","R098","","payment_method","CARD","카드","PAYMENT"
"C01181","R098","","receipt_amount","10,600원","10600","MONEY"
"C01182","R098","1","product_name","CAFE LATTE","카페라떼","PRODUCT"
"C01183","R098","1","category","Coffee","커피","CATEGORY"
"C01184","R098","1","quantity","1개","1","QUANTITY"
"C01185","R098","1","unit_price","5,000원","5000","MONEY"
"C01186","R098","1","discount","0원","0","MONEY"
"C01187","R098","1","line_amount","5,000원","5000","MONEY"
"C01188","R098","2","product_name","수제 마카롱","마카롱","PRODUCT"
"C01189","R098","2","category","스위트","디저트","CATEGORY"
"C01190","R098","2","quantity","2개","2","QUANTITY"
"C01191","R098","2","unit_price","2,800원","2800","MONEY"
"C01192","R098","2","discount","0원","0","MONEY"
"C01193","R098","2","line_amount","5,600원","5600","MONEY"
"C01194","R099","","date","2026년 9월 30일","2026-09-30","DATE"
"C01195","R099","","time","0814","08:14","TIME"
"C01196","R099","","store","온담 카페","카페 온담","STORE"
"C01197","R099","","payment_method","신용카드","카드","PAYMENT"
"C01198","R099","","receipt_amount","18,000","18000","MONEY"
"C01199","R099","1","product_name","레몬 에이드","레몬에이드","PRODUCT"
"C01200","R099","1","category","기타 음료","음료","CATEGORY"
"C01201","R099","1","unit_price","6,000","6000","MONEY"
"C01202","R099","1","line_amount","12,000","12000","MONEY"
"C01203","R099","2","unit_price","6,500","6500","MONEY"
"C01204","R099","2","line_amount","6,000","6000","MONEY"
"C01205","R100","","date","30 Sep 2026","2026-09-30","DATE"
"C01206","R100","","time","12:50:00","12:50","TIME"
"C01207","R100","","payment_method","삼성카드","카드","PAYMENT"
"C01208","R100","","receipt_amount","KRW 15000","15000","MONEY"
"C01209","R100","1","unit_price","KRW 5000","5000","MONEY"
"C01210","R100","1","discount","KRW 0","0","MONEY"
"C01211","R100","1","line_amount","KRW 5000","5000","MONEY"
"C01212","R100","2","product_name","VANILLA LATTE","바닐라라떼","PRODUCT"
"C01213","R100","2","category","Coffee","커피","CATEGORY"
"C01214","R100","2","unit_price","KRW 5500","5500","MONEY"
"C01215","R100","2","discount","KRW 1000","1000","MONEY"
"C01216","R100","2","line_amount","KRW 10000","10000","MONEY"