"receipt_id","date","time","store","payment_method","line_count","item_quantity","gross_amount","discount","receipt_amount","profile_id","source_file","cleaning_status","issue_codes"
"R001","2026-09-01","","카페 온담","미확인","2","3","13500","0","13500","POS_A","receipts/R001.pdf","정제완료_일부정보미확인","MISSING_TIME;MISSING_PAYMENT"
"R002","2026-09-02","08:06","카페 온담","카드","3","4","20500","0","20500","POS_B","receipts/R002.pdf","정제완료",""
"R003","2026-09-02","09:08","카페 온담","카드","2","2","11500","300","11200","POS_C","receipts/R003.pdf","정제완료",""
"R004","2026-09-02","11:05","카페 온담","카드","4","5","27600","1000","26600","POS_D","receipts/R004.pdf","정제완료",""
"R005","2026-09-02","11:53","카페 온담","카드","1","2","9000","0","9000","POS_E","receipts/R005.pdf","정제완료",""
"R006","2026-09-02","13:29","카페 온담","카드","1","1","4000","300","3700","POS_A","receipts/R006.pdf","정제완료",""
"R007","2026-09-02","14:48","카페 온담","카드","3","3","14200","0","14200","POS_B","receipts/R007.pdf","정제완료",""
"R008","2026-09-03","12:45","카페 온담","카드","2","2","7600","0","7600","POS_C","receipts/R008.pdf","정제완료",""
"R009","2026-09-03","13:57","카페 온담","간편결제","1","1","7500","0","7500","POS_D","receipts/R009.pdf","정제완료",""
"R010","2026-09-04","12:49","카페 온담","카드","2","2","13500","0","13500","POS_E","receipts/R010.pdf","정제완료",""
"R011","2026-09-04","13:39","카페 온담","간편결제","2","2","9000","0","9000","POS_A","receipts/R011.pdf","정제완료",""
"R012","2026-09-04","13:41","카페 온담","카드","2","2","9000","0","9000","POS_B","receipts/R012.pdf","정제완료",""
"R013","2026-09-04","14:30","카페 온담","간편결제","3","3","15000","0","15000","POS_C","receipts/R013.pdf","정제완료",""
"R014","2026-09-05","12:31","카페 온담","현금","2","2","12000","0","12000","POS_D","receipts/R014.pdf","정제완료",""
"R015","2026-09-05","13:35","카페 온담","카드","2","3","13500","0","13500","POS_E","receipts/R015.pdf","정제완료",""
"R016","2026-09-06","14:20","카페 온담","카드","3","3","15500","0","15500","POS_A","receipts/R016.pdf","정제완료",""
"R017","2026-09-06","14:33","카페 온담","현금","4","6","25400","0","25400","POS_B","receipts/R017.pdf","정제완료",""
"R018","2026-09-06","17:24","카페 온담","간편결제","2","3","16500","0","16500","POS_C","receipts/R018.pdf","정제완료",""
"R019","2026-09-06","20:12","카페 온담","간편결제","1","1","5500","0","5500","POS_D","receipts/R019.pdf","정제완료",""
"R020","2026-09-06","20:44","카페 온담","카드","2","3","16500","0","16500","POS_E","receipts/R020.pdf","정제완료",""
"R021","2026-09-07","11:04","카페 온담","현금","1","1","5500","0","5500","POS_A","receipts/R021.pdf","정제완료",""
"R022","2026-09-07","","카페 온담","카드","3","4","21500","0","21500","POS_B","receipts/R022.pdf","정제완료_일부정보미확인","MISSING_TIME"
"R023","2026-09-07","13:38","카페 온담","카드","1","1","5000","500","4500","POS_C","receipts/R023.pdf","정제완료",""
"R024","2026-09-07","15:08","카페 온담","카드","2","3","10100","0","10100","POS_D","receipts/R024.pdf","정제완료",""
"R025","2026-09-08","08:31","카페 온담","간편결제","3","3","15000","0","15000","POS_E","receipts/R025.pdf","정제완료",""
"R026","2026-09-08","13:37","카페 온담","간편결제","2","4","21000","0","21000","POS_A","receipts/R026.pdf","정제완료",""
"R027","2026-09-08","13:37","카페 온담","카드","3","4","20500","0","20500","POS_B","receipts/R027.pdf","정제완료",""
"R028","2026-09-08","18:14","카페 온담","카드","1","1","4500","0","4500","POS_C","receipts/R028.pdf","정제완료",""
"R029","2026-09-08","18:20","카페 온담","카드","2","3","10600","0","10600","POS_D","receipts/R029.pdf","정제완료",""
"R030","2026-09-09","11:45","카페 온담","간편결제","1","1","4500","0","4500","POS_E","receipts/R030.pdf","정제완료",""
"R031","2026-09-09","12:59","카페 온담","카드","3","3","12000","1000","11000","POS_A","receipts/R031.pdf","정제완료",""
"R032","2026-09-09","17:44","카페 온담","카드","1","1","5000","0","5000","POS_B","receipts/R032.pdf","정제완료",""
"R033","2026-09-10","16:04","카페 온담","카드","1","2","9000","0","9000","POS_C","receipts/R033.pdf","정제완료",""
"R034","2026-09-10","18:05","카페 온담","카드","3","4","19400","0","19400","POS_D","receipts/R034.pdf","정제완료",""
"R035","2026-09-11","08:59","카페 온담","카드","3","4","19000","0","19000","POS_E","receipts/R035.pdf","정제완료",""
"R036","2026-09-11","12:48","카페 온담","카드","2","3","16000","0","16000","POS_A","receipts/R036.pdf","정제완료",""
"R037","2026-09-11","14:50","카페 온담","카드","1","2","11600","1000","10600","POS_B","receipts/R037.pdf","정제완료",""
"R038","2026-09-11","17:02","카페 온담","미확인","1","2","12000","0","12000","POS_C","receipts/R038.pdf","정제완료_일부정보미확인","MISSING_PAYMENT"
"R039","2026-09-12","20:54","카페 온담","간편결제","3","6","27400","0","27400","POS_D","receipts/R039.pdf","정제완료",""
"R040","2026-09-13","12:28","카페 온담","카드","1","1","5000","0","5000","POS_E","receipts/R040.pdf","정제완료",""
"R041","2026-09-13","12:56","카페 온담","카드","1","1","5500","0","5500","POS_A","receipts/R041.pdf","정제완료",""
"R042","2026-09-13","18:44","카페 온담","카드","3","3","15800","0","15800","POS_B","receipts/R042.pdf","정제완료",""
"R043","2026-09-13","","카페 온담","카드","4","4","14800","1000","13800","POS_C","receipts/R043.pdf","정제완료_일부정보미확인","MISSING_TIME"
"R044","2026-09-14","12:48","카페 온담","카드","2","2","8000","1000","7000","POS_D","receipts/R044.pdf","정제완료",""
"R045","2026-09-14","13:54","카페 온담","카드","2","3","14000","1000","13000","POS_E","receipts/R045.pdf","정제완료",""
"R046","2026-09-14","13:57","카페 온담","카드","2","3","16500","0","16500","POS_A","receipts/R046.pdf","정제완료",""
"R047","2026-09-14","15:51","카페 온담","카드","2","2","12000","0","12000","POS_B","receipts/R047.pdf","정제완료",""
"R048","2026-09-14","18:36","카페 온담","카드","1","1","4500","0","4500","POS_C","receipts/R048.pdf","정제완료",""
"R049","2026-09-15","08:50","카페 온담","카드","2","3","16500","300","16200","POS_D","receipts/R049.pdf","정제완료",""
"R050","2026-09-15","12:36","카페 온담","카드","2","2","10000","0","10000","POS_E","receipts/R050.pdf","정제완료",""
"R051","2026-09-15","12:56","카페 온담","간편결제","2","3","15600","0","15600","POS_A","receipts/R051.pdf","정제완료",""
"R052","2026-09-15","18:22","카페 온담","카드","2","2","11000","1000","10000","POS_B","receipts/R052.pdf","정제완료",""
"R053","2026-09-15","19:33","카페 온담","카드","3","4","21500","300","21200","POS_C","receipts/R053.pdf","정제완료",""
"R054","2026-09-16","13:37","카페 온담","현금","3","4","21000","0","21000","POS_D","receipts/R054.pdf","정제완료",""
"R055","2026-09-16","17:28","카페 온담","카드","3","3","14300","0","14300","POS_E","receipts/R055.pdf","정제완료",""
"R056","2026-09-17","15:12","카페 온담","카드","3","3","13300","1000","12300","POS_A","receipts/R056.pdf","정제완료",""
"R057","2026-09-18","13:41","카페 온담","간편결제","1","1","5500","0","5500","POS_B","receipts/R057.pdf","정제완료",""
"R058","2026-09-18","16:39","카페 온담","현금","3","5","29000","0","29000","POS_C","receipts/R058.pdf","정제완료",""
"R059","2026-09-18","19:45","카페 온담","현금","3","5","23500","0","23500","POS_D","receipts/R059.pdf","정제완료",""
"R060","2026-09-19","13:10","카페 온담","카드","2","2","11000","0","11000","POS_E","receipts/R060.pdf","정제완료",""
"R061","2026-09-19","13:14","카페 온담","카드","2","3","15100","1300","13800","POS_A","receipts/R061.pdf","정제완료",""
"R062","2026-09-19","14:02","카페 온담","현금","2","3","17000","0","17000","POS_B","receipts/R062.pdf","정제완료",""
"R063","2026-09-19","14:26","카페 온담","카드","2","3","17500","0","17500","POS_C","receipts/R063.pdf","정제완료",""
"R064","2026-09-19","","카페 온담","간편결제","3","4","17800","0","17800","POS_D","receipts/R064.pdf","정제완료_일부정보미확인","MISSING_TIME"
"R065","2026-09-19","20:58","카페 온담","간편결제","3","4","22000","0","22000","POS_E","receipts/R065.pdf","정제완료",""
"R066","2026-09-20","10:51","카페 온담","카드","3","3","12300","500","11800","POS_A","receipts/R066.pdf","정제완료",""
"R067","2026-09-20","11:54","카페 온담","간편결제","2","2","10000","300","9700","POS_B","receipts/R067.pdf","정제완료",""
"R068","2026-09-20","13:58","카페 온담","카드","2","2","13000","0","13000","POS_C","receipts/R068.pdf","정제완료",""
"R069","2026-09-20","14:52","카페 온담","카드","2","2","9000","0","9000","POS_D","receipts/R069.pdf","정제완료",""
"R070","2026-09-20","15:26","카페 온담","카드","1","1","4500","0","4500","POS_E","receipts/R070.pdf","정제완료",""
"R071","2026-09-21","10:15","카페 온담","간편결제","4","6","29900","2000","27900","POS_A","receipts/R071.pdf","정제완료",""
"R072","2026-09-21","11:24","카페 온담","카드","3","4","15300","0","15300","POS_B","receipts/R072.pdf","정제완료",""
"R073","2026-09-21","19:35","카페 온담","현금","2","3","15500","0","15500","POS_C","receipts/R073.pdf","정제완료",""
"R074","2026-09-22","15:07","카페 온담","현금","3","3","15200","0","15200","POS_D","receipts/R074.pdf","정제완료",""
"R075","2026-09-22","16:31","카페 온담","미확인","3","3","17000","1000","16000","POS_E","receipts/R075.pdf","정제완료_일부정보미확인","MISSING_PAYMENT"
"R076","2026-09-23","09:35","카페 온담","간편결제","2","2","8000","300","7700","POS_A","receipts/R076.pdf","정제완료",""
"R077","2026-09-23","11:01","카페 온담","카드","2","2","12000","0","12000","POS_B","receipts/R077.pdf","정제완료",""
"R078","2026-09-23","20:40","카페 온담","카드","2","2","12000","0","12000","POS_C","receipts/R078.pdf","정제완료",""
"R079","2026-09-24","13:01","카페 온담","카드","3","3","16200","0","16200","POS_D","receipts/R079.pdf","정제완료",""
"R080","2026-09-24","19:00","카페 온담","간편결제","3","4","23000","0","23000","POS_E","receipts/R080.pdf","정제완료",""
"R081","2026-09-24","19:16","카페 온담","카드","1","2","9000","0","9000","POS_A","receipts/R081.pdf","정제완료",""
"R082","2026-09-25","09:39","카페 온담","간편결제","3","4","21000","500","20500","POS_B","receipts/R082.pdf","정제완료",""
"R083","2026-09-25","13:40","카페 온담","카드","2","2","8700","0","8700","POS_C","receipts/R083.pdf","정제완료",""
"R084","2026-09-25","15:15","카페 온담","카드","1","2","9000","0","9000","POS_D","receipts/R084.pdf","정제완료",""
"R085","2026-09-26","","카페 온담","현금","2","2","10500","0","10500","POS_E","receipts/R085.pdf","정제완료_일부정보미확인","MISSING_TIME"
"R086","2026-09-26","13:30","카페 온담","카드","3","3","18500","0","18500","POS_A","receipts/R086.pdf","정제완료",""
"R087","2026-09-26","15:45","카페 온담","카드","2","2","10300","0","10300","POS_B","receipts/R087.pdf","정제완료",""
"R088","2026-09-26","18:14","카페 온담","카드","4","5","25500","800","24700","POS_C","receipts/R088.pdf","정제완료",""
"R089","2026-09-26","19:37","카페 온담","현금","2","2","12500","0","12500","POS_D","receipts/R089.pdf","정제완료",""
"R090","2026-09-26","20:51","카페 온담","간편결제","2","2","9300","0","9300","POS_E","receipts/R090.pdf","정제완료",""
"R091","2026-09-27","11:41","카페 온담","카드","3","3","17300","0","17300","POS_A","receipts/R091.pdf","정제완료",""
"R092","2026-09-27","12:29","카페 온담","카드","2","2","12300","0","12300","POS_B","receipts/R092.pdf","정제완료",""
"R093","2026-09-27","17:45","카페 온담","카드","1","1","5500","0","5500","POS_C","receipts/R093.pdf","정제완료",""
"R094","2026-09-28","10:52","카페 온담","카드","3","3","17800","1000","16800","POS_D","receipts/R094.pdf","정제완료",""
"R095","2026-09-28","13:30","카페 온담","카드","2","2","10300","0","10300","POS_E","receipts/R095.pdf","정제완료",""
"R096","2026-09-29","12:14","카페 온담","간편결제","2","2","9300","0","9300","POS_A","receipts/R096.pdf","정제완료",""
"R097","2026-09-29","12:28","카페 온담","현금","2","2","8600","0","8600","POS_B","receipts/R097.pdf","정제완료",""
"R098","2026-09-29","13:01","카페 온담","카드","2","3","10600","0","10600","POS_C","receipts/R098.pdf","정제완료",""
"R099","2026-09-30","08:14","카페 온담","카드","2","3","18500","500","18000","POS_D","receipts/R099.pdf","정제완료",""
"R100","2026-09-30","12:50","카페 온담","카드","2","3","16000","1000","15000","POS_E","receipts/R100.pdf","정제완료",""